idAller,nomAller0,'REACTION CUTANEE A CAROTTE FRAIS' 
1,'GONFLEMENT A CAUSE DE CAROTTE FRAIS' 
2,'TRAUMATISME GUSTATIF DU CAROTTE FRAIS' 
3,'MORT CAUSEE PAR CAROTTE FRAIS' 
1,'REACTION CUTANEE A CAROTTE PREMIUM' 
2,'GONFLEMENT A CAUSE DE CAROTTE PREMIUM' 
3,'TRAUMATISME GUSTATIF DU CAROTTE PREMIUM' 
4,'MORT CAUSEE PAR CAROTTE PREMIUM' 
2,'REACTION CUTANEE A CAROTTE SELECTION' 
3,'GONFLEMENT A CAUSE DE CAROTTE SELECTION' 
4,'TRAUMATISME GUSTATIF DU CAROTTE SELECTION' 
5,'MORT CAUSEE PAR CAROTTE SELECTION' 
3,'REACTION CUTANEE A CAROTTE TRADITION' 
4,'GONFLEMENT A CAUSE DE CAROTTE TRADITION' 
5,'TRAUMATISME GUSTATIF DU CAROTTE TRADITION' 
6,'MORT CAUSEE PAR CAROTTE TRADITION' 
4,'REACTION CUTANEE A CAROTTE FACON CHEF' 
5,'GONFLEMENT A CAUSE DE CAROTTE FACON CHEF' 
6,'TRAUMATISME GUSTATIF DU CAROTTE FACON CHEF' 
7,'MORT CAUSEE PAR CAROTTE FACON CHEF' 
5,'REACTION CUTANEE A CAROTTE GOURMET' 
6,'GONFLEMENT A CAUSE DE CAROTTE GOURMET' 
7,'TRAUMATISME GUSTATIF DU CAROTTE GOURMET' 
8,'MORT CAUSEE PAR CAROTTE GOURMET' 
6,'REACTION CUTANEE A CAROTTE SAUVAGE' 
7,'GONFLEMENT A CAUSE DE CAROTTE SAUVAGE' 
8,'TRAUMATISME GUSTATIF DU CAROTTE SAUVAGE' 
9,'MORT CAUSEE PAR CAROTTE SAUVAGE' 
7,'REACTION CUTANEE A CAROTTE FUME' 
8,'GONFLEMENT A CAUSE DE CAROTTE FUME' 
9,'TRAUMATISME GUSTATIF DU CAROTTE FUME' 
10,'MORT CAUSEE PAR CAROTTE FUME' 
8,'REACTION CUTANEE A CAROTTE FRIT' 
9,'GONFLEMENT A CAUSE DE CAROTTE FRIT' 
10,'TRAUMATISME GUSTATIF DU CAROTTE FRIT' 
11,'MORT CAUSEE PAR CAROTTE FRIT' 
9,'REACTION CUTANEE A CAROTTE SNACKE' 
10,'GONFLEMENT A CAUSE DE CAROTTE SNACKE' 
11,'TRAUMATISME GUSTATIF DU CAROTTE SNACKE' 
12,'MORT CAUSEE PAR CAROTTE SNACKE' 
10,'REACTION CUTANEE A COURGETTE BIO' 
11,'GONFLEMENT A CAUSE DE COURGETTE BIO' 
12,'TRAUMATISME GUSTATIF DU COURGETTE BIO' 
13,'MORT CAUSEE PAR COURGETTE BIO' 
11,'REACTION CUTANEE A COURGETTE FRAIS' 
12,'GONFLEMENT A CAUSE DE COURGETTE FRAIS' 
13,'TRAUMATISME GUSTATIF DU COURGETTE FRAIS' 
14,'MORT CAUSEE PAR COURGETTE FRAIS' 
12,'REACTION CUTANEE A COURGETTE PREMIUM' 
13,'GONFLEMENT A CAUSE DE COURGETTE PREMIUM' 
14,'TRAUMATISME GUSTATIF DU COURGETTE PREMIUM' 
15,'MORT CAUSEE PAR COURGETTE PREMIUM' 
13,'REACTION CUTANEE A COURGETTE SELECTION' 
14,'GONFLEMENT A CAUSE DE COURGETTE SELECTION' 
15,'TRAUMATISME GUSTATIF DU COURGETTE SELECTION' 
16,'MORT CAUSEE PAR COURGETTE SELECTION' 
14,'REACTION CUTANEE A COURGETTE TRADITION' 
15,'GONFLEMENT A CAUSE DE COURGETTE TRADITION' 
16,'TRAUMATISME GUSTATIF DU COURGETTE TRADITION' 
17,'MORT CAUSEE PAR COURGETTE TRADITION' 
15,'REACTION CUTANEE A COURGETTE FACON CHEF' 
16,'GONFLEMENT A CAUSE DE COURGETTE FACON CHEF' 
17,'TRAUMATISME GUSTATIF DU COURGETTE FACON CHEF' 
18,'MORT CAUSEE PAR COURGETTE FACON CHEF' 
16,'REACTION CUTANEE A COURGETTE GOURMET' 
17,'GONFLEMENT A CAUSE DE COURGETTE GOURMET' 
18,'TRAUMATISME GUSTATIF DU COURGETTE GOURMET' 
19,'MORT CAUSEE PAR COURGETTE GOURMET' 
17,'REACTION CUTANEE A COURGETTE SAUVAGE' 
18,'GONFLEMENT A CAUSE DE COURGETTE SAUVAGE' 
19,'TRAUMATISME GUSTATIF DU COURGETTE SAUVAGE' 
20,'MORT CAUSEE PAR COURGETTE SAUVAGE' 
18,'REACTION CUTANEE A COURGETTE FUME' 
19,'GONFLEMENT A CAUSE DE COURGETTE FUME' 
20,'TRAUMATISME GUSTATIF DU COURGETTE FUME' 
21,'MORT CAUSEE PAR COURGETTE FUME' 
19,'REACTION CUTANEE A COURGETTE FRIT' 
20,'GONFLEMENT A CAUSE DE COURGETTE FRIT' 
21,'TRAUMATISME GUSTATIF DU COURGETTE FRIT' 
22,'MORT CAUSEE PAR COURGETTE FRIT' 
20,'REACTION CUTANEE A COURGETTE SNACKE' 
21,'GONFLEMENT A CAUSE DE COURGETTE SNACKE' 
22,'TRAUMATISME GUSTATIF DU COURGETTE SNACKE' 
23,'MORT CAUSEE PAR COURGETTE SNACKE' 
21,'REACTION CUTANEE A BROCOLI BIO' 
22,'GONFLEMENT A CAUSE DE BROCOLI BIO' 
23,'TRAUMATISME GUSTATIF DU BROCOLI BIO' 
24,'MORT CAUSEE PAR BROCOLI BIO' 
22,'REACTION CUTANEE A BROCOLI FRAIS' 
23,'GONFLEMENT A CAUSE DE BROCOLI FRAIS' 
24,'TRAUMATISME GUSTATIF DU BROCOLI FRAIS' 
25,'MORT CAUSEE PAR BROCOLI FRAIS' 
23,'REACTION CUTANEE A BROCOLI PREMIUM' 
24,'GONFLEMENT A CAUSE DE BROCOLI PREMIUM' 
25,'TRAUMATISME GUSTATIF DU BROCOLI PREMIUM' 
26,'MORT CAUSEE PAR BROCOLI PREMIUM' 
24,'REACTION CUTANEE A BROCOLI SELECTION' 
25,'GONFLEMENT A CAUSE DE BROCOLI SELECTION' 
26,'TRAUMATISME GUSTATIF DU BROCOLI SELECTION' 
27,'MORT CAUSEE PAR BROCOLI SELECTION' 
25,'REACTION CUTANEE A BROCOLI TRADITION' 
26,'GONFLEMENT A CAUSE DE BROCOLI TRADITION' 
27,'TRAUMATISME GUSTATIF DU BROCOLI TRADITION' 
28,'MORT CAUSEE PAR BROCOLI TRADITION' 
26,'REACTION CUTANEE A BROCOLI FACON CHEF' 
27,'GONFLEMENT A CAUSE DE BROCOLI FACON CHEF' 
28,'TRAUMATISME GUSTATIF DU BROCOLI FACON CHEF' 
29,'MORT CAUSEE PAR BROCOLI FACON CHEF' 
27,'REACTION CUTANEE A BROCOLI GOURMET' 
28,'GONFLEMENT A CAUSE DE BROCOLI GOURMET' 
29,'TRAUMATISME GUSTATIF DU BROCOLI GOURMET' 
30,'MORT CAUSEE PAR BROCOLI GOURMET' 
28,'REACTION CUTANEE A BROCOLI SAUVAGE' 
29,'GONFLEMENT A CAUSE DE BROCOLI SAUVAGE' 
30,'TRAUMATISME GUSTATIF DU BROCOLI SAUVAGE' 
31,'MORT CAUSEE PAR BROCOLI SAUVAGE' 
29,'REACTION CUTANEE A BROCOLI FUME' 
30,'GONFLEMENT A CAUSE DE BROCOLI FUME' 
31,'TRAUMATISME GUSTATIF DU BROCOLI FUME' 
32,'MORT CAUSEE PAR BROCOLI FUME' 
30,'REACTION CUTANEE A BROCOLI FRIT' 
31,'GONFLEMENT A CAUSE DE BROCOLI FRIT' 
32,'TRAUMATISME GUSTATIF DU BROCOLI FRIT' 
33,'MORT CAUSEE PAR BROCOLI FRIT' 
31,'REACTION CUTANEE A BROCOLI SNACKE' 
32,'GONFLEMENT A CAUSE DE BROCOLI SNACKE' 
33,'TRAUMATISME GUSTATIF DU BROCOLI SNACKE' 
34,'MORT CAUSEE PAR BROCOLI SNACKE' 
32,'REACTION CUTANEE A POIVRON BIO' 
33,'GONFLEMENT A CAUSE DE POIVRON BIO' 
34,'TRAUMATISME GUSTATIF DU POIVRON BIO' 
35,'MORT CAUSEE PAR POIVRON BIO' 
33,'REACTION CUTANEE A POIVRON FRAIS' 
34,'GONFLEMENT A CAUSE DE POIVRON FRAIS' 
35,'TRAUMATISME GUSTATIF DU POIVRON FRAIS' 
36,'MORT CAUSEE PAR POIVRON FRAIS' 
34,'REACTION CUTANEE A POIVRON PREMIUM' 
35,'GONFLEMENT A CAUSE DE POIVRON PREMIUM' 
36,'TRAUMATISME GUSTATIF DU POIVRON PREMIUM' 
37,'MORT CAUSEE PAR POIVRON PREMIUM' 
35,'REACTION CUTANEE A POIVRON SELECTION' 
36,'GONFLEMENT A CAUSE DE POIVRON SELECTION' 
37,'TRAUMATISME GUSTATIF DU POIVRON SELECTION' 
38,'MORT CAUSEE PAR POIVRON SELECTION' 
36,'REACTION CUTANEE A POIVRON TRADITION' 
37,'GONFLEMENT A CAUSE DE POIVRON TRADITION' 
38,'TRAUMATISME GUSTATIF DU POIVRON TRADITION' 
39,'MORT CAUSEE PAR POIVRON TRADITION' 
37,'REACTION CUTANEE A POIVRON FACON CHEF' 
38,'GONFLEMENT A CAUSE DE POIVRON FACON CHEF' 
39,'TRAUMATISME GUSTATIF DU POIVRON FACON CHEF' 
40,'MORT CAUSEE PAR POIVRON FACON CHEF' 
38,'REACTION CUTANEE A POIVRON GOURMET' 
39,'GONFLEMENT A CAUSE DE POIVRON GOURMET' 
40,'TRAUMATISME GUSTATIF DU POIVRON GOURMET' 
41,'MORT CAUSEE PAR POIVRON GOURMET' 
39,'REACTION CUTANEE A POIVRON SAUVAGE' 
40,'GONFLEMENT A CAUSE DE POIVRON SAUVAGE' 
41,'TRAUMATISME GUSTATIF DU POIVRON SAUVAGE' 
42,'MORT CAUSEE PAR POIVRON SAUVAGE' 
40,'REACTION CUTANEE A POIVRON FUME' 
41,'GONFLEMENT A CAUSE DE POIVRON FUME' 
42,'TRAUMATISME GUSTATIF DU POIVRON FUME' 
43,'MORT CAUSEE PAR POIVRON FUME' 
41,'REACTION CUTANEE A POIVRON FRIT' 
42,'GONFLEMENT A CAUSE DE POIVRON FRIT' 
43,'TRAUMATISME GUSTATIF DU POIVRON FRIT' 
44,'MORT CAUSEE PAR POIVRON FRIT' 
42,'REACTION CUTANEE A POIVRON SNACKE' 
43,'GONFLEMENT A CAUSE DE POIVRON SNACKE' 
44,'TRAUMATISME GUSTATIF DU POIVRON SNACKE' 
45,'MORT CAUSEE PAR POIVRON SNACKE' 
43,'REACTION CUTANEE A EPINARD BIO' 
44,'GONFLEMENT A CAUSE DE EPINARD BIO' 
45,'TRAUMATISME GUSTATIF DU EPINARD BIO' 
46,'MORT CAUSEE PAR EPINARD BIO' 
44,'REACTION CUTANEE A EPINARD FRAIS' 
45,'GONFLEMENT A CAUSE DE EPINARD FRAIS' 
46,'TRAUMATISME GUSTATIF DU EPINARD FRAIS' 
47,'MORT CAUSEE PAR EPINARD FRAIS' 
45,'REACTION CUTANEE A EPINARD PREMIUM' 
46,'GONFLEMENT A CAUSE DE EPINARD PREMIUM' 
47,'TRAUMATISME GUSTATIF DU EPINARD PREMIUM' 
48,'MORT CAUSEE PAR EPINARD PREMIUM' 
46,'REACTION CUTANEE A EPINARD SELECTION' 
47,'GONFLEMENT A CAUSE DE EPINARD SELECTION' 
48,'TRAUMATISME GUSTATIF DU EPINARD SELECTION' 
49,'MORT CAUSEE PAR EPINARD SELECTION' 
47,'REACTION CUTANEE A EPINARD TRADITION' 
48,'GONFLEMENT A CAUSE DE EPINARD TRADITION' 
49,'TRAUMATISME GUSTATIF DU EPINARD TRADITION' 
50,'MORT CAUSEE PAR EPINARD TRADITION' 
48,'REACTION CUTANEE A EPINARD FACON CHEF' 
49,'GONFLEMENT A CAUSE DE EPINARD FACON CHEF' 
50,'TRAUMATISME GUSTATIF DU EPINARD FACON CHEF' 
51,'MORT CAUSEE PAR EPINARD FACON CHEF' 
49,'REACTION CUTANEE A EPINARD GOURMET' 
50,'GONFLEMENT A CAUSE DE EPINARD GOURMET' 
51,'TRAUMATISME GUSTATIF DU EPINARD GOURMET' 
52,'MORT CAUSEE PAR EPINARD GOURMET' 
50,'REACTION CUTANEE A EPINARD SAUVAGE' 
51,'GONFLEMENT A CAUSE DE EPINARD SAUVAGE' 
52,'TRAUMATISME GUSTATIF DU EPINARD SAUVAGE' 
53,'MORT CAUSEE PAR EPINARD SAUVAGE' 
51,'REACTION CUTANEE A EPINARD FUME' 
52,'GONFLEMENT A CAUSE DE EPINARD FUME' 
53,'TRAUMATISME GUSTATIF DU EPINARD FUME' 
54,'MORT CAUSEE PAR EPINARD FUME' 
52,'REACTION CUTANEE A EPINARD FRIT' 
53,'GONFLEMENT A CAUSE DE EPINARD FRIT' 
54,'TRAUMATISME GUSTATIF DU EPINARD FRIT' 
55,'MORT CAUSEE PAR EPINARD FRIT' 
53,'REACTION CUTANEE A EPINARD SNACKE' 
54,'GONFLEMENT A CAUSE DE EPINARD SNACKE' 
55,'TRAUMATISME GUSTATIF DU EPINARD SNACKE' 
56,'MORT CAUSEE PAR EPINARD SNACKE' 
54,'REACTION CUTANEE A AUBERGINE BIO' 
55,'GONFLEMENT A CAUSE DE AUBERGINE BIO' 
56,'TRAUMATISME GUSTATIF DU AUBERGINE BIO' 
57,'MORT CAUSEE PAR AUBERGINE BIO' 
55,'REACTION CUTANEE A AUBERGINE FRAIS' 
56,'GONFLEMENT A CAUSE DE AUBERGINE FRAIS' 
57,'TRAUMATISME GUSTATIF DU AUBERGINE FRAIS' 
58,'MORT CAUSEE PAR AUBERGINE FRAIS' 
56,'REACTION CUTANEE A AUBERGINE PREMIUM' 
57,'GONFLEMENT A CAUSE DE AUBERGINE PREMIUM' 
58,'TRAUMATISME GUSTATIF DU AUBERGINE PREMIUM' 
59,'MORT CAUSEE PAR AUBERGINE PREMIUM' 
57,'REACTION CUTANEE A AUBERGINE SELECTION' 
58,'GONFLEMENT A CAUSE DE AUBERGINE SELECTION' 
59,'TRAUMATISME GUSTATIF DU AUBERGINE SELECTION' 
60,'MORT CAUSEE PAR AUBERGINE SELECTION' 
58,'REACTION CUTANEE A AUBERGINE TRADITION' 
59,'GONFLEMENT A CAUSE DE AUBERGINE TRADITION' 
60,'TRAUMATISME GUSTATIF DU AUBERGINE TRADITION' 
61,'MORT CAUSEE PAR AUBERGINE TRADITION' 
59,'REACTION CUTANEE A AUBERGINE FACON CHEF' 
60,'GONFLEMENT A CAUSE DE AUBERGINE FACON CHEF' 
61,'TRAUMATISME GUSTATIF DU AUBERGINE FACON CHEF' 
62,'MORT CAUSEE PAR AUBERGINE FACON CHEF' 
60,'REACTION CUTANEE A AUBERGINE GOURMET' 
61,'GONFLEMENT A CAUSE DE AUBERGINE GOURMET' 
62,'TRAUMATISME GUSTATIF DU AUBERGINE GOURMET' 
63,'MORT CAUSEE PAR AUBERGINE GOURMET' 
61,'REACTION CUTANEE A AUBERGINE SAUVAGE' 
62,'GONFLEMENT A CAUSE DE AUBERGINE SAUVAGE' 
63,'TRAUMATISME GUSTATIF DU AUBERGINE SAUVAGE' 
64,'MORT CAUSEE PAR AUBERGINE SAUVAGE' 
62,'REACTION CUTANEE A AUBERGINE FUME' 
63,'GONFLEMENT A CAUSE DE AUBERGINE FUME' 
64,'TRAUMATISME GUSTATIF DU AUBERGINE FUME' 
65,'MORT CAUSEE PAR AUBERGINE FUME' 
63,'REACTION CUTANEE A AUBERGINE FRIT' 
64,'GONFLEMENT A CAUSE DE AUBERGINE FRIT' 
65,'TRAUMATISME GUSTATIF DU AUBERGINE FRIT' 
66,'MORT CAUSEE PAR AUBERGINE FRIT' 
64,'REACTION CUTANEE A AUBERGINE SNACKE' 
65,'GONFLEMENT A CAUSE DE AUBERGINE SNACKE' 
66,'TRAUMATISME GUSTATIF DU AUBERGINE SNACKE' 
67,'MORT CAUSEE PAR AUBERGINE SNACKE' 
65,'REACTION CUTANEE A CHAMPIGNON BIO' 
66,'GONFLEMENT A CAUSE DE CHAMPIGNON BIO' 
67,'TRAUMATISME GUSTATIF DU CHAMPIGNON BIO' 
68,'MORT CAUSEE PAR CHAMPIGNON BIO' 
66,'REACTION CUTANEE A CHAMPIGNON FRAIS' 
67,'GONFLEMENT A CAUSE DE CHAMPIGNON FRAIS' 
68,'TRAUMATISME GUSTATIF DU CHAMPIGNON FRAIS' 
69,'MORT CAUSEE PAR CHAMPIGNON FRAIS' 
67,'REACTION CUTANEE A CHAMPIGNON PREMIUM' 
68,'GONFLEMENT A CAUSE DE CHAMPIGNON PREMIUM' 
69,'TRAUMATISME GUSTATIF DU CHAMPIGNON PREMIUM' 
70,'MORT CAUSEE PAR CHAMPIGNON PREMIUM' 
68,'REACTION CUTANEE A CHAMPIGNON SELECTION' 
69,'GONFLEMENT A CAUSE DE CHAMPIGNON SELECTION' 
70,'TRAUMATISME GUSTATIF DU CHAMPIGNON SELECTION' 
71,'MORT CAUSEE PAR CHAMPIGNON SELECTION' 
69,'REACTION CUTANEE A CHAMPIGNON TRADITION' 
70,'GONFLEMENT A CAUSE DE CHAMPIGNON TRADITION' 
71,'TRAUMATISME GUSTATIF DU CHAMPIGNON TRADITION' 
72,'MORT CAUSEE PAR CHAMPIGNON TRADITION' 
70,'REACTION CUTANEE A CHAMPIGNON FACON CHEF' 
71,'GONFLEMENT A CAUSE DE CHAMPIGNON FACON CHEF' 
72,'TRAUMATISME GUSTATIF DU CHAMPIGNON FACON CHEF' 
73,'MORT CAUSEE PAR CHAMPIGNON FACON CHEF' 
71,'REACTION CUTANEE A CHAMPIGNON GOURMET' 
72,'GONFLEMENT A CAUSE DE CHAMPIGNON GOURMET' 
73,'TRAUMATISME GUSTATIF DU CHAMPIGNON GOURMET' 
74,'MORT CAUSEE PAR CHAMPIGNON GOURMET' 
72,'REACTION CUTANEE A CHAMPIGNON SAUVAGE' 
73,'GONFLEMENT A CAUSE DE CHAMPIGNON SAUVAGE' 
74,'TRAUMATISME GUSTATIF DU CHAMPIGNON SAUVAGE' 
75,'MORT CAUSEE PAR CHAMPIGNON SAUVAGE' 
73,'REACTION CUTANEE A CHAMPIGNON FUME' 
74,'GONFLEMENT A CAUSE DE CHAMPIGNON FUME' 
75,'TRAUMATISME GUSTATIF DU CHAMPIGNON FUME' 
76,'MORT CAUSEE PAR CHAMPIGNON FUME' 
74,'REACTION CUTANEE A CHAMPIGNON FRIT' 
75,'GONFLEMENT A CAUSE DE CHAMPIGNON FRIT' 
76,'TRAUMATISME GUSTATIF DU CHAMPIGNON FRIT' 
77,'MORT CAUSEE PAR CHAMPIGNON FRIT' 
75,'REACTION CUTANEE A CHAMPIGNON SNACKE' 
76,'GONFLEMENT A CAUSE DE CHAMPIGNON SNACKE' 
77,'TRAUMATISME GUSTATIF DU CHAMPIGNON SNACKE' 
78,'MORT CAUSEE PAR CHAMPIGNON SNACKE' 
76,'REACTION CUTANEE A ASPERGE BIO' 
77,'GONFLEMENT A CAUSE DE ASPERGE BIO' 
78,'TRAUMATISME GUSTATIF DU ASPERGE BIO' 
79,'MORT CAUSEE PAR ASPERGE BIO' 
77,'REACTION CUTANEE A ASPERGE FRAIS' 
78,'GONFLEMENT A CAUSE DE ASPERGE FRAIS' 
79,'TRAUMATISME GUSTATIF DU ASPERGE FRAIS' 
80,'MORT CAUSEE PAR ASPERGE FRAIS' 
78,'REACTION CUTANEE A ASPERGE PREMIUM' 
79,'GONFLEMENT A CAUSE DE ASPERGE PREMIUM' 
80,'TRAUMATISME GUSTATIF DU ASPERGE PREMIUM' 
81,'MORT CAUSEE PAR ASPERGE PREMIUM' 
79,'REACTION CUTANEE A ASPERGE SELECTION' 
80,'GONFLEMENT A CAUSE DE ASPERGE SELECTION' 
81,'TRAUMATISME GUSTATIF DU ASPERGE SELECTION' 
82,'MORT CAUSEE PAR ASPERGE SELECTION' 
80,'REACTION CUTANEE A ASPERGE TRADITION' 
81,'GONFLEMENT A CAUSE DE ASPERGE TRADITION' 
82,'TRAUMATISME GUSTATIF DU ASPERGE TRADITION' 
83,'MORT CAUSEE PAR ASPERGE TRADITION' 
81,'REACTION CUTANEE A ASPERGE FACON CHEF' 
82,'GONFLEMENT A CAUSE DE ASPERGE FACON CHEF' 
83,'TRAUMATISME GUSTATIF DU ASPERGE FACON CHEF' 
84,'MORT CAUSEE PAR ASPERGE FACON CHEF' 
82,'REACTION CUTANEE A ASPERGE GOURMET' 
83,'GONFLEMENT A CAUSE DE ASPERGE GOURMET' 
84,'TRAUMATISME GUSTATIF DU ASPERGE GOURMET' 
85,'MORT CAUSEE PAR ASPERGE GOURMET' 
83,'REACTION CUTANEE A ASPERGE SAUVAGE' 
84,'GONFLEMENT A CAUSE DE ASPERGE SAUVAGE' 
85,'TRAUMATISME GUSTATIF DU ASPERGE SAUVAGE' 
86,'MORT CAUSEE PAR ASPERGE SAUVAGE' 
84,'REACTION CUTANEE A ASPERGE FUME' 
85,'GONFLEMENT A CAUSE DE ASPERGE FUME' 
86,'TRAUMATISME GUSTATIF DU ASPERGE FUME' 
87,'MORT CAUSEE PAR ASPERGE FUME' 
85,'REACTION CUTANEE A ASPERGE FRIT' 
86,'GONFLEMENT A CAUSE DE ASPERGE FRIT' 
87,'TRAUMATISME GUSTATIF DU ASPERGE FRIT' 
88,'MORT CAUSEE PAR ASPERGE FRIT' 
86,'REACTION CUTANEE A ASPERGE SNACKE' 
87,'GONFLEMENT A CAUSE DE ASPERGE SNACKE' 
88,'TRAUMATISME GUSTATIF DU ASPERGE SNACKE' 
89,'MORT CAUSEE PAR ASPERGE SNACKE' 
87,'REACTION CUTANEE A CHOU BIO' 
88,'GONFLEMENT A CAUSE DE CHOU BIO' 
89,'TRAUMATISME GUSTATIF DU CHOU BIO' 
90,'MORT CAUSEE PAR CHOU BIO' 
88,'REACTION CUTANEE A CHOU FRAIS' 
89,'GONFLEMENT A CAUSE DE CHOU FRAIS' 
90,'TRAUMATISME GUSTATIF DU CHOU FRAIS' 
91,'MORT CAUSEE PAR CHOU FRAIS' 
89,'REACTION CUTANEE A CHOU PREMIUM' 
90,'GONFLEMENT A CAUSE DE CHOU PREMIUM' 
91,'TRAUMATISME GUSTATIF DU CHOU PREMIUM' 
92,'MORT CAUSEE PAR CHOU PREMIUM' 
90,'REACTION CUTANEE A CHOU SELECTION' 
91,'GONFLEMENT A CAUSE DE CHOU SELECTION' 
92,'TRAUMATISME GUSTATIF DU CHOU SELECTION' 
93,'MORT CAUSEE PAR CHOU SELECTION' 
91,'REACTION CUTANEE A CHOU TRADITION' 
92,'GONFLEMENT A CAUSE DE CHOU TRADITION' 
93,'TRAUMATISME GUSTATIF DU CHOU TRADITION' 
94,'MORT CAUSEE PAR CHOU TRADITION' 
92,'REACTION CUTANEE A CHOU FACON CHEF' 
93,'GONFLEMENT A CAUSE DE CHOU FACON CHEF' 
94,'TRAUMATISME GUSTATIF DU CHOU FACON CHEF' 
95,'MORT CAUSEE PAR CHOU FACON CHEF' 
93,'REACTION CUTANEE A CHOU GOURMET' 
94,'GONFLEMENT A CAUSE DE CHOU GOURMET' 
95,'TRAUMATISME GUSTATIF DU CHOU GOURMET' 
96,'MORT CAUSEE PAR CHOU GOURMET' 
94,'REACTION CUTANEE A CHOU SAUVAGE' 
95,'GONFLEMENT A CAUSE DE CHOU SAUVAGE' 
96,'TRAUMATISME GUSTATIF DU CHOU SAUVAGE' 
97,'MORT CAUSEE PAR CHOU SAUVAGE' 
95,'REACTION CUTANEE A CHOU FUME' 
96,'GONFLEMENT A CAUSE DE CHOU FUME' 
97,'TRAUMATISME GUSTATIF DU CHOU FUME' 
98,'MORT CAUSEE PAR CHOU FUME' 
96,'REACTION CUTANEE A CHOU FRIT' 
97,'GONFLEMENT A CAUSE DE CHOU FRIT' 
98,'TRAUMATISME GUSTATIF DU CHOU FRIT' 
99,'MORT CAUSEE PAR CHOU FRIT' 
97,'REACTION CUTANEE A CHOU SNACKE' 
98,'GONFLEMENT A CAUSE DE CHOU SNACKE' 
99,'TRAUMATISME GUSTATIF DU CHOU SNACKE' 
100,'MORT CAUSEE PAR CHOU SNACKE' 
98,'REACTION CUTANEE A AVOCAT BIO' 
99,'GONFLEMENT A CAUSE DE AVOCAT BIO' 
100,'TRAUMATISME GUSTATIF DU AVOCAT BIO' 
101,'MORT CAUSEE PAR AVOCAT BIO' 
99,'REACTION CUTANEE A AVOCAT FRAIS' 
100,'GONFLEMENT A CAUSE DE AVOCAT FRAIS' 
101,'TRAUMATISME GUSTATIF DU AVOCAT FRAIS' 
102,'MORT CAUSEE PAR AVOCAT FRAIS' 
100,'REACTION CUTANEE A AVOCAT PREMIUM' 
101,'GONFLEMENT A CAUSE DE AVOCAT PREMIUM' 
102,'TRAUMATISME GUSTATIF DU AVOCAT PREMIUM' 
103,'MORT CAUSEE PAR AVOCAT PREMIUM' 
101,'REACTION CUTANEE A AVOCAT SELECTION' 
102,'GONFLEMENT A CAUSE DE AVOCAT SELECTION' 
103,'TRAUMATISME GUSTATIF DU AVOCAT SELECTION' 
104,'MORT CAUSEE PAR AVOCAT SELECTION' 
102,'REACTION CUTANEE A AVOCAT TRADITION' 
103,'GONFLEMENT A CAUSE DE AVOCAT TRADITION' 
104,'TRAUMATISME GUSTATIF DU AVOCAT TRADITION' 
105,'MORT CAUSEE PAR AVOCAT TRADITION' 
103,'REACTION CUTANEE A AVOCAT FACON CHEF' 
104,'GONFLEMENT A CAUSE DE AVOCAT FACON CHEF' 
105,'TRAUMATISME GUSTATIF DU AVOCAT FACON CHEF' 
106,'MORT CAUSEE PAR AVOCAT FACON CHEF' 
104,'REACTION CUTANEE A AVOCAT GOURMET' 
105,'GONFLEMENT A CAUSE DE AVOCAT GOURMET' 
106,'TRAUMATISME GUSTATIF DU AVOCAT GOURMET' 
107,'MORT CAUSEE PAR AVOCAT GOURMET' 
105,'REACTION CUTANEE A AVOCAT SAUVAGE' 
106,'GONFLEMENT A CAUSE DE AVOCAT SAUVAGE' 
107,'TRAUMATISME GUSTATIF DU AVOCAT SAUVAGE' 
108,'MORT CAUSEE PAR AVOCAT SAUVAGE' 
106,'REACTION CUTANEE A AVOCAT FUME' 
107,'GONFLEMENT A CAUSE DE AVOCAT FUME' 
108,'TRAUMATISME GUSTATIF DU AVOCAT FUME' 
109,'MORT CAUSEE PAR AVOCAT FUME' 
107,'REACTION CUTANEE A AVOCAT FRIT' 
108,'GONFLEMENT A CAUSE DE AVOCAT FRIT' 
109,'TRAUMATISME GUSTATIF DU AVOCAT FRIT' 
110,'MORT CAUSEE PAR AVOCAT FRIT' 
108,'REACTION CUTANEE A AVOCAT SNACKE' 
109,'GONFLEMENT A CAUSE DE AVOCAT SNACKE' 
110,'TRAUMATISME GUSTATIF DU AVOCAT SNACKE' 
111,'MORT CAUSEE PAR AVOCAT SNACKE' 
109,'REACTION CUTANEE A POIREAU BIO' 
110,'GONFLEMENT A CAUSE DE POIREAU BIO' 
111,'TRAUMATISME GUSTATIF DU POIREAU BIO' 
112,'MORT CAUSEE PAR POIREAU BIO' 
110,'REACTION CUTANEE A POIREAU FRAIS' 
111,'GONFLEMENT A CAUSE DE POIREAU FRAIS' 
112,'TRAUMATISME GUSTATIF DU POIREAU FRAIS' 
113,'MORT CAUSEE PAR POIREAU FRAIS' 
111,'REACTION CUTANEE A POIREAU PREMIUM' 
112,'GONFLEMENT A CAUSE DE POIREAU PREMIUM' 
113,'TRAUMATISME GUSTATIF DU POIREAU PREMIUM' 
114,'MORT CAUSEE PAR POIREAU PREMIUM' 
112,'REACTION CUTANEE A POIREAU SELECTION' 
113,'GONFLEMENT A CAUSE DE POIREAU SELECTION' 
114,'TRAUMATISME GUSTATIF DU POIREAU SELECTION' 
115,'MORT CAUSEE PAR POIREAU SELECTION' 
113,'REACTION CUTANEE A POIREAU TRADITION' 
114,'GONFLEMENT A CAUSE DE POIREAU TRADITION' 
115,'TRAUMATISME GUSTATIF DU POIREAU TRADITION' 
116,'MORT CAUSEE PAR POIREAU TRADITION' 
114,'REACTION CUTANEE A POIREAU FACON CHEF' 
115,'GONFLEMENT A CAUSE DE POIREAU FACON CHEF' 
116,'TRAUMATISME GUSTATIF DU POIREAU FACON CHEF' 
117,'MORT CAUSEE PAR POIREAU FACON CHEF' 
115,'REACTION CUTANEE A POIREAU GOURMET' 
116,'GONFLEMENT A CAUSE DE POIREAU GOURMET' 
117,'TRAUMATISME GUSTATIF DU POIREAU GOURMET' 
118,'MORT CAUSEE PAR POIREAU GOURMET' 
116,'REACTION CUTANEE A POIREAU SAUVAGE' 
117,'GONFLEMENT A CAUSE DE POIREAU SAUVAGE' 
118,'TRAUMATISME GUSTATIF DU POIREAU SAUVAGE' 
119,'MORT CAUSEE PAR POIREAU SAUVAGE' 
117,'REACTION CUTANEE A POIREAU FUME' 
118,'GONFLEMENT A CAUSE DE POIREAU FUME' 
119,'TRAUMATISME GUSTATIF DU POIREAU FUME' 
120,'MORT CAUSEE PAR POIREAU FUME' 
118,'REACTION CUTANEE A POIREAU FRIT' 
119,'GONFLEMENT A CAUSE DE POIREAU FRIT' 
120,'TRAUMATISME GUSTATIF DU POIREAU FRIT' 
121,'MORT CAUSEE PAR POIREAU FRIT' 
119,'REACTION CUTANEE A POIREAU SNACKE' 
120,'GONFLEMENT A CAUSE DE POIREAU SNACKE' 
121,'TRAUMATISME GUSTATIF DU POIREAU SNACKE' 
122,'MORT CAUSEE PAR POIREAU SNACKE' 
120,'REACTION CUTANEE A CONCOMBRE BIO' 
121,'GONFLEMENT A CAUSE DE CONCOMBRE BIO' 
122,'TRAUMATISME GUSTATIF DU CONCOMBRE BIO' 
123,'MORT CAUSEE PAR CONCOMBRE BIO' 
121,'REACTION CUTANEE A CONCOMBRE FRAIS' 
122,'GONFLEMENT A CAUSE DE CONCOMBRE FRAIS' 
123,'TRAUMATISME GUSTATIF DU CONCOMBRE FRAIS' 
124,'MORT CAUSEE PAR CONCOMBRE FRAIS' 
122,'REACTION CUTANEE A CONCOMBRE PREMIUM' 
123,'GONFLEMENT A CAUSE DE CONCOMBRE PREMIUM' 
124,'TRAUMATISME GUSTATIF DU CONCOMBRE PREMIUM' 
125,'MORT CAUSEE PAR CONCOMBRE PREMIUM' 
123,'REACTION CUTANEE A CONCOMBRE SELECTION' 
124,'GONFLEMENT A CAUSE DE CONCOMBRE SELECTION' 
125,'TRAUMATISME GUSTATIF DU CONCOMBRE SELECTION' 
126,'MORT CAUSEE PAR CONCOMBRE SELECTION' 
124,'REACTION CUTANEE A CONCOMBRE TRADITION' 
125,'GONFLEMENT A CAUSE DE CONCOMBRE TRADITION' 
126,'TRAUMATISME GUSTATIF DU CONCOMBRE TRADITION' 
127,'MORT CAUSEE PAR CONCOMBRE TRADITION' 
125,'REACTION CUTANEE A CONCOMBRE FACON CHEF' 
126,'GONFLEMENT A CAUSE DE CONCOMBRE FACON CHEF' 
127,'TRAUMATISME GUSTATIF DU CONCOMBRE FACON CHEF' 
128,'MORT CAUSEE PAR CONCOMBRE FACON CHEF' 
126,'REACTION CUTANEE A CONCOMBRE GOURMET' 
127,'GONFLEMENT A CAUSE DE CONCOMBRE GOURMET' 
128,'TRAUMATISME GUSTATIF DU CONCOMBRE GOURMET' 
129,'MORT CAUSEE PAR CONCOMBRE GOURMET' 
127,'REACTION CUTANEE A CONCOMBRE SAUVAGE' 
128,'GONFLEMENT A CAUSE DE CONCOMBRE SAUVAGE' 
129,'TRAUMATISME GUSTATIF DU CONCOMBRE SAUVAGE' 
130,'MORT CAUSEE PAR CONCOMBRE SAUVAGE' 
128,'REACTION CUTANEE A CONCOMBRE FUME' 
129,'GONFLEMENT A CAUSE DE CONCOMBRE FUME' 
130,'TRAUMATISME GUSTATIF DU CONCOMBRE FUME' 
131,'MORT CAUSEE PAR CONCOMBRE FUME' 
129,'REACTION CUTANEE A CONCOMBRE FRIT' 
130,'GONFLEMENT A CAUSE DE CONCOMBRE FRIT' 
131,'TRAUMATISME GUSTATIF DU CONCOMBRE FRIT' 
132,'MORT CAUSEE PAR CONCOMBRE FRIT' 
130,'REACTION CUTANEE A CONCOMBRE SNACKE' 
131,'GONFLEMENT A CAUSE DE CONCOMBRE SNACKE' 
132,'TRAUMATISME GUSTATIF DU CONCOMBRE SNACKE' 
133,'MORT CAUSEE PAR CONCOMBRE SNACKE' 
131,'REACTION CUTANEE A POTIRON BIO' 
132,'GONFLEMENT A CAUSE DE POTIRON BIO' 
133,'TRAUMATISME GUSTATIF DU POTIRON BIO' 
134,'MORT CAUSEE PAR POTIRON BIO' 
132,'REACTION CUTANEE A POTIRON FRAIS' 
133,'GONFLEMENT A CAUSE DE POTIRON FRAIS' 
134,'TRAUMATISME GUSTATIF DU POTIRON FRAIS' 
135,'MORT CAUSEE PAR POTIRON FRAIS' 
133,'REACTION CUTANEE A POTIRON PREMIUM' 
134,'GONFLEMENT A CAUSE DE POTIRON PREMIUM' 
135,'TRAUMATISME GUSTATIF DU POTIRON PREMIUM' 
136,'MORT CAUSEE PAR POTIRON PREMIUM' 
134,'REACTION CUTANEE A POTIRON SELECTION' 
135,'GONFLEMENT A CAUSE DE POTIRON SELECTION' 
136,'TRAUMATISME GUSTATIF DU POTIRON SELECTION' 
137,'MORT CAUSEE PAR POTIRON SELECTION' 
135,'REACTION CUTANEE A POTIRON TRADITION' 
136,'GONFLEMENT A CAUSE DE POTIRON TRADITION' 
137,'TRAUMATISME GUSTATIF DU POTIRON TRADITION' 
138,'MORT CAUSEE PAR POTIRON TRADITION' 
136,'REACTION CUTANEE A POTIRON FACON CHEF' 
137,'GONFLEMENT A CAUSE DE POTIRON FACON CHEF' 
138,'TRAUMATISME GUSTATIF DU POTIRON FACON CHEF' 
139,'MORT CAUSEE PAR POTIRON FACON CHEF' 
137,'REACTION CUTANEE A POTIRON GOURMET' 
138,'GONFLEMENT A CAUSE DE POTIRON GOURMET' 
139,'TRAUMATISME GUSTATIF DU POTIRON GOURMET' 
140,'MORT CAUSEE PAR POTIRON GOURMET' 
138,'REACTION CUTANEE A POTIRON SAUVAGE' 
139,'GONFLEMENT A CAUSE DE POTIRON SAUVAGE' 
140,'TRAUMATISME GUSTATIF DU POTIRON SAUVAGE' 
141,'MORT CAUSEE PAR POTIRON SAUVAGE' 
139,'REACTION CUTANEE A POTIRON FUME' 
140,'GONFLEMENT A CAUSE DE POTIRON FUME' 
141,'TRAUMATISME GUSTATIF DU POTIRON FUME' 
142,'MORT CAUSEE PAR POTIRON FUME' 
140,'REACTION CUTANEE A POTIRON FRIT' 
141,'GONFLEMENT A CAUSE DE POTIRON FRIT' 
142,'TRAUMATISME GUSTATIF DU POTIRON FRIT' 
143,'MORT CAUSEE PAR POTIRON FRIT' 
141,'REACTION CUTANEE A POTIRON SNACKE' 
142,'GONFLEMENT A CAUSE DE POTIRON SNACKE' 
143,'TRAUMATISME GUSTATIF DU POTIRON SNACKE' 
144,'MORT CAUSEE PAR POTIRON SNACKE' 
142,'REACTION CUTANEE A ARTICHAUT BIO' 
143,'GONFLEMENT A CAUSE DE ARTICHAUT BIO' 
144,'TRAUMATISME GUSTATIF DU ARTICHAUT BIO' 
145,'MORT CAUSEE PAR ARTICHAUT BIO' 
143,'REACTION CUTANEE A ARTICHAUT FRAIS' 
144,'GONFLEMENT A CAUSE DE ARTICHAUT FRAIS' 
145,'TRAUMATISME GUSTATIF DU ARTICHAUT FRAIS' 
146,'MORT CAUSEE PAR ARTICHAUT FRAIS' 
144,'REACTION CUTANEE A ARTICHAUT PREMIUM' 
145,'GONFLEMENT A CAUSE DE ARTICHAUT PREMIUM' 
146,'TRAUMATISME GUSTATIF DU ARTICHAUT PREMIUM' 
147,'MORT CAUSEE PAR ARTICHAUT PREMIUM' 
145,'REACTION CUTANEE A ARTICHAUT SELECTION' 
146,'GONFLEMENT A CAUSE DE ARTICHAUT SELECTION' 
147,'TRAUMATISME GUSTATIF DU ARTICHAUT SELECTION' 
148,'MORT CAUSEE PAR ARTICHAUT SELECTION' 
146,'REACTION CUTANEE A ARTICHAUT TRADITION' 
147,'GONFLEMENT A CAUSE DE ARTICHAUT TRADITION' 
148,'TRAUMATISME GUSTATIF DU ARTICHAUT TRADITION' 
149,'MORT CAUSEE PAR ARTICHAUT TRADITION' 
147,'REACTION CUTANEE A ARTICHAUT FACON CHEF' 
148,'GONFLEMENT A CAUSE DE ARTICHAUT FACON CHEF' 
149,'TRAUMATISME GUSTATIF DU ARTICHAUT FACON CHEF' 
150,'MORT CAUSEE PAR ARTICHAUT FACON CHEF' 
148,'REACTION CUTANEE A ARTICHAUT GOURMET' 
149,'GONFLEMENT A CAUSE DE ARTICHAUT GOURMET' 
150,'TRAUMATISME GUSTATIF DU ARTICHAUT GOURMET' 
151,'MORT CAUSEE PAR ARTICHAUT GOURMET' 
149,'REACTION CUTANEE A ARTICHAUT SAUVAGE' 
150,'GONFLEMENT A CAUSE DE ARTICHAUT SAUVAGE' 
151,'TRAUMATISME GUSTATIF DU ARTICHAUT SAUVAGE' 
152,'MORT CAUSEE PAR ARTICHAUT SAUVAGE' 
150,'REACTION CUTANEE A ARTICHAUT FUME' 
151,'GONFLEMENT A CAUSE DE ARTICHAUT FUME' 
152,'TRAUMATISME GUSTATIF DU ARTICHAUT FUME' 
153,'MORT CAUSEE PAR ARTICHAUT FUME' 
151,'REACTION CUTANEE A ARTICHAUT FRIT' 
152,'GONFLEMENT A CAUSE DE ARTICHAUT FRIT' 
153,'TRAUMATISME GUSTATIF DU ARTICHAUT FRIT' 
154,'MORT CAUSEE PAR ARTICHAUT FRIT' 
152,'REACTION CUTANEE A ARTICHAUT SNACKE' 
153,'GONFLEMENT A CAUSE DE ARTICHAUT SNACKE' 
154,'TRAUMATISME GUSTATIF DU ARTICHAUT SNACKE' 
155,'MORT CAUSEE PAR ARTICHAUT SNACKE' 
153,'REACTION CUTANEE A HARICOT BIO' 
154,'GONFLEMENT A CAUSE DE HARICOT BIO' 
155,'TRAUMATISME GUSTATIF DU HARICOT BIO' 
156,'MORT CAUSEE PAR HARICOT BIO' 
154,'REACTION CUTANEE A HARICOT FRAIS' 
155,'GONFLEMENT A CAUSE DE HARICOT FRAIS' 
156,'TRAUMATISME GUSTATIF DU HARICOT FRAIS' 
157,'MORT CAUSEE PAR HARICOT FRAIS' 
155,'REACTION CUTANEE A HARICOT PREMIUM' 
156,'GONFLEMENT A CAUSE DE HARICOT PREMIUM' 
157,'TRAUMATISME GUSTATIF DU HARICOT PREMIUM' 
158,'MORT CAUSEE PAR HARICOT PREMIUM' 
156,'REACTION CUTANEE A HARICOT SELECTION' 
157,'GONFLEMENT A CAUSE DE HARICOT SELECTION' 
158,'TRAUMATISME GUSTATIF DU HARICOT SELECTION' 
159,'MORT CAUSEE PAR HARICOT SELECTION' 
157,'REACTION CUTANEE A HARICOT TRADITION' 
158,'GONFLEMENT A CAUSE DE HARICOT TRADITION' 
159,'TRAUMATISME GUSTATIF DU HARICOT TRADITION' 
160,'MORT CAUSEE PAR HARICOT TRADITION' 
158,'REACTION CUTANEE A HARICOT FACON CHEF' 
159,'GONFLEMENT A CAUSE DE HARICOT FACON CHEF' 
160,'TRAUMATISME GUSTATIF DU HARICOT FACON CHEF' 
161,'MORT CAUSEE PAR HARICOT FACON CHEF' 
159,'REACTION CUTANEE A HARICOT GOURMET' 
160,'GONFLEMENT A CAUSE DE HARICOT GOURMET' 
161,'TRAUMATISME GUSTATIF DU HARICOT GOURMET' 
162,'MORT CAUSEE PAR HARICOT GOURMET' 
160,'REACTION CUTANEE A HARICOT SAUVAGE' 
161,'GONFLEMENT A CAUSE DE HARICOT SAUVAGE' 
162,'TRAUMATISME GUSTATIF DU HARICOT SAUVAGE' 
163,'MORT CAUSEE PAR HARICOT SAUVAGE' 
161,'REACTION CUTANEE A HARICOT FUME' 
162,'GONFLEMENT A CAUSE DE HARICOT FUME' 
163,'TRAUMATISME GUSTATIF DU HARICOT FUME' 
164,'MORT CAUSEE PAR HARICOT FUME' 
162,'REACTION CUTANEE A HARICOT FRIT' 
163,'GONFLEMENT A CAUSE DE HARICOT FRIT' 
164,'TRAUMATISME GUSTATIF DU HARICOT FRIT' 
165,'MORT CAUSEE PAR HARICOT FRIT' 
163,'REACTION CUTANEE A HARICOT SNACKE' 
164,'GONFLEMENT A CAUSE DE HARICOT SNACKE' 
165,'TRAUMATISME GUSTATIF DU HARICOT SNACKE' 
166,'MORT CAUSEE PAR HARICOT SNACKE' 
164,'REACTION CUTANEE A OIGNON BIO' 
165,'GONFLEMENT A CAUSE DE OIGNON BIO' 
166,'TRAUMATISME GUSTATIF DU OIGNON BIO' 
167,'MORT CAUSEE PAR OIGNON BIO' 
165,'REACTION CUTANEE A OIGNON FRAIS' 
166,'GONFLEMENT A CAUSE DE OIGNON FRAIS' 
167,'TRAUMATISME GUSTATIF DU OIGNON FRAIS' 
168,'MORT CAUSEE PAR OIGNON FRAIS' 
166,'REACTION CUTANEE A OIGNON PREMIUM' 
167,'GONFLEMENT A CAUSE DE OIGNON PREMIUM' 
168,'TRAUMATISME GUSTATIF DU OIGNON PREMIUM' 
169,'MORT CAUSEE PAR OIGNON PREMIUM' 
167,'REACTION CUTANEE A OIGNON SELECTION' 
168,'GONFLEMENT A CAUSE DE OIGNON SELECTION' 
169,'TRAUMATISME GUSTATIF DU OIGNON SELECTION' 
170,'MORT CAUSEE PAR OIGNON SELECTION' 
168,'REACTION CUTANEE A OIGNON TRADITION' 
169,'GONFLEMENT A CAUSE DE OIGNON TRADITION' 
170,'TRAUMATISME GUSTATIF DU OIGNON TRADITION' 
171,'MORT CAUSEE PAR OIGNON TRADITION' 
169,'REACTION CUTANEE A OIGNON FACON CHEF' 
170,'GONFLEMENT A CAUSE DE OIGNON FACON CHEF' 
171,'TRAUMATISME GUSTATIF DU OIGNON FACON CHEF' 
172,'MORT CAUSEE PAR OIGNON FACON CHEF' 
170,'REACTION CUTANEE A OIGNON GOURMET' 
171,'GONFLEMENT A CAUSE DE OIGNON GOURMET' 
172,'TRAUMATISME GUSTATIF DU OIGNON GOURMET' 
173,'MORT CAUSEE PAR OIGNON GOURMET' 
171,'REACTION CUTANEE A OIGNON SAUVAGE' 
172,'GONFLEMENT A CAUSE DE OIGNON SAUVAGE' 
173,'TRAUMATISME GUSTATIF DU OIGNON SAUVAGE' 
174,'MORT CAUSEE PAR OIGNON SAUVAGE' 
172,'REACTION CUTANEE A OIGNON FUME' 
173,'GONFLEMENT A CAUSE DE OIGNON FUME' 
174,'TRAUMATISME GUSTATIF DU OIGNON FUME' 
175,'MORT CAUSEE PAR OIGNON FUME' 
173,'REACTION CUTANEE A OIGNON FRIT' 
174,'GONFLEMENT A CAUSE DE OIGNON FRIT' 
175,'TRAUMATISME GUSTATIF DU OIGNON FRIT' 
176,'MORT CAUSEE PAR OIGNON FRIT' 
174,'REACTION CUTANEE A OIGNON SNACKE' 
175,'GONFLEMENT A CAUSE DE OIGNON SNACKE' 
176,'TRAUMATISME GUSTATIF DU OIGNON SNACKE' 
177,'MORT CAUSEE PAR OIGNON SNACKE' 
175,'REACTION CUTANEE A OLIVE BIO' 
176,'GONFLEMENT A CAUSE DE OLIVE BIO' 
177,'TRAUMATISME GUSTATIF DU OLIVE BIO' 
178,'MORT CAUSEE PAR OLIVE BIO' 
176,'REACTION CUTANEE A OLIVE FRAIS' 
177,'GONFLEMENT A CAUSE DE OLIVE FRAIS' 
178,'TRAUMATISME GUSTATIF DU OLIVE FRAIS' 
179,'MORT CAUSEE PAR OLIVE FRAIS' 
177,'REACTION CUTANEE A OLIVE PREMIUM' 
178,'GONFLEMENT A CAUSE DE OLIVE PREMIUM' 
179,'TRAUMATISME GUSTATIF DU OLIVE PREMIUM' 
180,'MORT CAUSEE PAR OLIVE PREMIUM' 
178,'REACTION CUTANEE A OLIVE SELECTION' 
179,'GONFLEMENT A CAUSE DE OLIVE SELECTION' 
180,'TRAUMATISME GUSTATIF DU OLIVE SELECTION' 
181,'MORT CAUSEE PAR OLIVE SELECTION' 
179,'REACTION CUTANEE A OLIVE TRADITION' 
180,'GONFLEMENT A CAUSE DE OLIVE TRADITION' 
181,'TRAUMATISME GUSTATIF DU OLIVE TRADITION' 
182,'MORT CAUSEE PAR OLIVE TRADITION' 
180,'REACTION CUTANEE A OLIVE FACON CHEF' 
181,'GONFLEMENT A CAUSE DE OLIVE FACON CHEF' 
182,'TRAUMATISME GUSTATIF DU OLIVE FACON CHEF' 
183,'MORT CAUSEE PAR OLIVE FACON CHEF' 
181,'REACTION CUTANEE A OLIVE GOURMET' 
182,'GONFLEMENT A CAUSE DE OLIVE GOURMET' 
183,'TRAUMATISME GUSTATIF DU OLIVE GOURMET' 
184,'MORT CAUSEE PAR OLIVE GOURMET' 
182,'REACTION CUTANEE A OLIVE SAUVAGE' 
183,'GONFLEMENT A CAUSE DE OLIVE SAUVAGE' 
184,'TRAUMATISME GUSTATIF DU OLIVE SAUVAGE' 
185,'MORT CAUSEE PAR OLIVE SAUVAGE' 
183,'REACTION CUTANEE A OLIVE FUME' 
184,'GONFLEMENT A CAUSE DE OLIVE FUME' 
185,'TRAUMATISME GUSTATIF DU OLIVE FUME' 
186,'MORT CAUSEE PAR OLIVE FUME' 
184,'REACTION CUTANEE A OLIVE FRIT' 
185,'GONFLEMENT A CAUSE DE OLIVE FRIT' 
186,'TRAUMATISME GUSTATIF DU OLIVE FRIT' 
187,'MORT CAUSEE PAR OLIVE FRIT' 
185,'REACTION CUTANEE A OLIVE SNACKE' 
186,'GONFLEMENT A CAUSE DE OLIVE SNACKE' 
187,'TRAUMATISME GUSTATIF DU OLIVE SNACKE' 
188,'MORT CAUSEE PAR OLIVE SNACKE' 
