idStructure,nom,ordre
782534705,Ordre Venerable de la Raclette
563851049,Ordre Noble de la Couenne
848576791,Ordre Magnifique de la Alpage
184349944,Ordre Venerable de la Braise
838590842,Ordre Illustre de la Pomme de Terre
372330719,Ordre Fervent de la Meule
442898080,Ordre Supreme de la Croute
922293536,Ordre Eternel de la Couenne
384389215,Ordre Antique de la Table
324349299,Ordre Supreme de la Braise
195834365,Ordre Eternel de la Braise
174539355,Ordre Fervent de la Couenne
38890323,Ordre Immemorial de la Pomme de Terre
42342981,Ordre Noble de la Raclette
490844720,Ordre Souverain de la Vache
382813525,Ordre Exalte de la Fonte
377380595,Ordre Glorieux de la Spatule
781421121,Ordre Exalte de la Poelon
135105260,Ordre Illustre de la Plateau
222138158,Ordre Venerable de la Cornichon
168814163,Ordre Radieux de la Table
721012901,Ordre Noble de la Meule
347814494,Ordre Immemorial de la Braise
960047313,Ordre Venerable de la Plateau
249405164,Ordre Illustre de la Braise
357329760,Ordre Mysterieux de la Table
203017277,Ordre Radieux de la Pomme de Terre
226251929,Ordre Eternel de la Croute
646549134,Ordre Sacre de la Couenne
909557859,Ordre Mysterieux de la Croute
333845422,Ordre Magnifique de la Poelon
535309628,Ordre Ardent de la Fonte
29219794,Ordre Immemorial de la Cornichon
494627358,Ordre Souverain de la Cornichon
610016589,Ordre Radieux de la Spatule
123945091,Ordre Noble de la Croute
916304920,Ordre Seculaire de la Fromage
281035934,Ordre Beni de la Couenne
762805916,Ordre Souverain de la Charcuterie
463750582,Ordre Exalte de la Meule
400822160,Ordre Magnifique de la Meule
281972261,Ordre Exalte de la Plateau
177554511,Ordre Eternel de la Pomme de Terre
533636691,Ordre Exalte de la Spatule
11630817,Ordre Transcendant de la Plateau
476933518,Ordre Immemorial de la Alpage
799072372,Ordre Noble de la Alpage
410759104,Ordre Magnifique de la Braise
627935940,Ordre Beni de la Fonte
766209332,Ordre Immuable de la Vache
11695301,Ordre Immuable de la Plateau
125886053,Ordre Radieux de la Couenne
952053470,Ordre Glorieux de la Convive
665625286,Ordre Transcendant de la Croute
382526263,Ordre Sacre de la Poelon
412646028,Ordre Glorieux de la Fromage
303950331,Ordre Fervent de la Table
962371616,Ordre Ardent de la Table
244969078,Ordre Immemorial de la Convive
682806601,Ordre Noble de la Braise
431590391,Ordre Supreme de la Poelon
609383017,Ordre Mysterieux de la Vache
115516126,Ordre Supreme de la Fonte
214621790,Ordre Antique de la Fromage
743487584,Ordre Antique de la Poelon
388979492,Ordre Mysterieux de la Convive
205080550,Ordre Seculaire de la Spatule
687485085,Ordre Glorieux de la Cornichon
529490967,Ordre Souverain de la Braise
127325942,Ordre Antique de la Raclette
84242852,Ordre Seculaire de la Talon
50837198,Ordre Transcendant de la Raclette
97584192,Ordre Mysterieux de la Couenne
583524588,Ordre Immuable de la Croute
292618919,Ordre Illustre de la Gratinee
512260267,Ordre Glorieux de la Alpage
715883881,Ordre Transcendant de la Braise
726920833,Ordre Souverain de la Fonte
978379894,Ordre Fervent de la Spatule
686180363,Ordre Beni de la Spatule
787207463,Ordre Mysterieux de la Plateau
767340715,Ordre Radieux de la Charcuterie
373047598,Ordre Antique de la Charcuterie
565377476,Ordre Venerable de la Couenne
201165597,Ordre Magnifique de la Croute
292447623,Ordre Exalte de la Raclette
473828928,Ordre Immuable de la Braise
1407501,Ordre Magnifique de la Pomme de Terre
395877409,Ordre Magnifique de la Raclette
448736624,Ordre Illustre de la Meule
817974394,Ordre Sacre de la Talon
874496707,Ordre Illustre de la Convive
216212938,Ordre Magnifique de la Fonte
409543208,Ordre Transcendant de la Spatule
887970266,Ordre Beni de la Alpage
497683137,Ordre Immuable de la Pomme de Terre
831451328,Ordre Transcendant de la Couenne
706212664,Ordre Transcendant de la Vache
928556102,Ordre Eternel de la Poelon
149672717,Ordre Venerable de la Vache
264370076,Bande Debordants de la Spatule
123772267,Clan Combles du Poelon,922293536
392497069,Collectif Dores du Plateau,395877409
690569039,Les Audacieux du Couteau,448736624
83727468,Club Genereux de la Fonte,817974394
324488446,Confrerie Fumes de la Braise,149672717
841231268,Cercle Debordants du Chalet,909557859
896139172,Brigade Beats du Talon,962371616
765716134,Club Beats de la Vache,583524588
507325582,Club Affames de la Vache,281035934
803706749,Les Fondus du Talon,201165597
808470579,Cercle Debordants du Convive,928556102
299589035,Clan Croustillants du Cornichon,324349299
273682908,Les Chaleureux du Cornichon,214621790
355276893,Les Audacieux de l  Alpage,324349299
255326850,Clan Insatiables de la Spatule,400822160
840220923,Societe Combles de la Vache,97584192
351827023,Collectif Heureux du Convive,431590391
847446813,Cercle Croustillants de la Raclette,687485085
671986126,Confrerie Affames de la Charcuterie,512260267
895955453,Societe Fumes du Poelon,388979492
591952670,Societe Fervents du Poelon,410759104
890861850,Les Racletteurs du Convive,11630817
247569324,Tribu Gratines du Chalet,787207463
904087289,Les Gratines de la Meule,928556102
466714893,Cercle Fondus du Feu,535309628
605158370,Club Tenaces du Talon,84242852
823099477,Gang Fumants de la Charcuterie,686180363
611821339,Confrerie Racletteurs du Feu,476933518
349068371,Les Fondeurs de la Meule,292447623
918111992,Gang Tenaces de la Charcuterie,292447623
156650576,Guilde Gratines du Couteau,384389215
499966856,Brigade Croustillants du Couteau,563851049
238601760,Confrerie Passionnes du Cornichon,382526263
63365149,Cercle Tenaces de la Raclette,149672717
304098087,Clan Fervents de la Meule,726920833
136915273,Les Beats du Feu,766209332
711999491,Guilde Fumants de la Meule,529490967
226403734,Tribu Croustillants de la Table,665625286
478676095,Brigade Gourmands du Gratinee,377380595
434224720,Club Genereux du Gratinee,115516126
944423112,Brigade Chaleureux de la Braise,767340715
373876931,Tribu Heureux de la Raclette,409543208
89406738,Guilde Dores de la Table,168814163
494548124,Les Tenaces de la Vache,960047313
157364229,Brigade Tenaces du Plateau,874496707
821478352,Cercle Passionnes du Plateau,533636691
204785711,Club Combles de la Vache,743487584
835841146,Cercle Passionnes de la Raclette,887970266
988808755,Guilde Croustillants du Couteau,377380595
868344732,Confrerie Tenaces de l  Alpage,787207463
436556822,Tribu Frenetiques de l  Alpage,11695301
546407616,Les Fondus de la Spatule,665625286
207934536,Brigade Affames du Fromage,174539355
973069298,Bande Reunis de la Croute,646549134
446177576,Collectif Passionnes du Chalet,125886053
469818086,Societe Beats de la Vache,382526263
93003853,Societe Debordants de la Vache,512260267
467290530,Les Fumants de la Meule,11630817
566834071,Societe Gourmands de la Vache,565377476
844562280,Les Impenitents de la Charcuterie,448736624
635526407,Tribu Gourmands de la Spatule,216212938
385574764,Cercle Affames de la Raclette,497683137
57578731,Bande Affames du Gratinee,476933518
828553710,Confrerie Tenaces du Talon,97584192
982362710,Collectif Fumants du Gratinee,201165597
318575093,Tribu Debordants du Feu,333845422
939560734,Societe Gourmands du Talon,497683137
683999427,Cercle Chaleureux de la Spatule,1407501
138780429,Les Chaleureux du Couteau,214621790
705587313,Gang Tenaces du Talon,216212938
464154634,Brigade Chaleureux du Plateau,201165597
931751506,Gang Affames du Convive,497683137
522570145,Confrerie Croustillants de la Braise,497683137
14458068,Bande Insatiables du Talon,382526263
110795274,Confrerie Joyeux de la Fonte,292618919
855087101,Gang Fervents de l  Alpage,384389215
910794098,Club Reunis de l  Alpage,400822160
243164636,Bande Dores de la Table,497683137
615527908,Gang Tenaces de la Vache,817974394
902513565,Bande Joyeux du Plateau,281035934
452606034,Brigade Chaleureux de la Charcuterie,874496707
746486655,Brigade Affames du Plateau,686180363
785043113,Guilde Debordants du Gratinee,922293536
366842888,Societe Fervents de la Spatule,149672717
250705307,Guilde Gratines du Plateau,781421121
62980373,Gang Racletteurs de la Fonte,127325942
799152648,Brigade Affames de la Spatule,216212938
93390820,Les Gratines de la Vache,928556102
371586072,Collectif Combles de la Fonte,490844720
786198906,Bande Debordants de la Meule,84242852
661100283,Collectif Fervents du Feu,463750582
370107515,Bande Tenaces du Plateau,529490967
778027997,Societe Insatiables de la Table,388979492
5212851,Brigade Tenaces de la Spatule,535309628
881598491,Bande Audacieux de la Raclette,978379894
38663602,Tribu Gourmands de la Fonte,292618919
262231730,Gang Tenaces du Cornichon,874496707
211749645,Collectif Combles du Chalet,11630817
648693961,Guilde Racletteurs de la Raclette,960047313
602615086,Gang Fumes du Fromage,686180363
207622505,Brigade Insatiables de la Fonte,781421121
407496237,Gang Racletteurs du Feu,682806601
498366213,Collectif Fervents de la Braise,201165597
673108435,Clan Beats de la Fonte,97584192
730114767,Tribu Frenetiques du Chalet,38890323
648171582,Collectif Fondus de la Raclette,205080550
545713378,Tribu Tenaces du Feu,195834365
972767814,Bande Fondus du Talon,928556102
666096828,Collectif Insatiables du Talon,726920833
750275348,Confrerie Gourmands du Fromage,382813525
866083958,Les Genereux du Convive,384389215
240305790,Guilde Reunis de la Meule,372330719
308511850,Clan Debordants de la Charcuterie,787207463
664978177,Confrerie Heureux du Cornichon,125886053
103946210,Clan Audacieux du Talon,382813525
636070543,Cercle Dores du Fromage,916304920
32356796,Club Reunis de la Spatule,782534705
69815475,Confrerie Chaleureux de la Table,529490967
359026962,Clan Affames de la Vache,831451328
414879714,Confrerie Fumants de la Braise,347814494
928951505,Cercle Beats de la Table,395877409
331222332,Tribu Fondeurs du Couteau,583524588
260448328,Clan Fondeurs de la Table,448736624
389328096,Gang Fumes de la Braise,767340715
634943996,Cercle Combles du Convive,244969078
612648331,Clan Passionnes du Talon,97584192
138243882,Collectif Passionnes de la Table,682806601
667019487,Clan Dores du Talon,473828928
66372966,Brigade Beats de la Meule,473828928
677297877,Societe Insatiables du Talon,782534705
684661026,Brigade Fervents du Couteau,373047598
216673842,Tribu Fondus de la Croute,817974394
858130346,Cercle Genereux du Cornichon,646549134
692205317,Societe Gourmands de la Fonte,831451328
204607960,Club Debordants de la Spatule,177554511
35188245,Bande Fumes de la Braise,799072372
759240407,Gang Affames de la Fonte,962371616
697815125,Gang Audacieux de la Charcuterie,29219794
645790120,Societe Joyeux de la Charcuterie,960047313
762389470,Gang Frenetiques du Fromage,203017277
652734696,Bande Insatiables du Cornichon,535309628
262061895,Gang Fumes de la Vache,563851049
382501481,Guilde Genereux du Convive,766209332
988723769,Confrerie Passionnes de la Spatule,115516126
987403664,Clan Joyeux du Cornichon,29219794
646938147,Bande Tenaces du Cornichon,292447623
236008350,Societe Chaleureux de la Braise,168814163
978839204,Cercle Fondeurs de la Vache,357329760
161245277,Les Audacieux de la Charcuterie,281035934
593848822,Guilde Tenaces du Fromage,610016589
792735664,Club Dores de la Spatule,29219794
661355460,Cercle Beats du Chalet,226251929
541133186,Les Passionnes du Cornichon,203017277
784192093,Bande Croustillants de la Braise,410759104
272806131,Bande Fervents du Cornichon,303950331
611081438,Brigade Reunis de la Spatule,781421121
883625230,Brigade Fondus du Convive,848576791
96000625,Les Combles de la Vache,244969078
357008225,Les Impenitents du Talon,303950331
861030036,Collectif Fondus du Poelon,222138158
522508281,Les Genereux de la Fonte,715883881
998984086,Les Fondeurs de la Croute,377380595
652660730,Confrerie Gourmands du Convive,848576791
273422932,Collectif Fumants de la Charcuterie,962371616
483011867,Confrerie Beats de l  Alpage,372330719
912362137,Bande Chaleureux du Feu,494627358
418795036,Guilde Combles du Plateau,303950331
635298519,Cercle Insatiables du Plateau,115516126
980210559,Guilde Joyeux de la Raclette,11695301
19315509,Guilde Tenaces du Cornichon,184349944
558374644,Gang Heureux de la Fonte,205080550
858242392,Club Racletteurs du Talon,831451328
901764702,Club Heureux de la Raclette,50837198
78162409,Collectif Fondeurs du Plateau,214621790
271569882,Guilde Affames du Gratinee,848576791
371234301,Tribu Debordants du Gratinee,533636691
625901477,Club Gratines du Couteau,177554511
685854885,Les Debordants du Convive,382526263
119367480,Club Debordants du Gratinee,512260267
524775037,Collectif Beats de la Croute,817974394
187826909,Gang Chaleureux de la Table,333845422
105502783,Collectif Passionnes du Feu,715883881
107074526,Tribu Reunis du Convive,817974394
527861685,Brigade Fervents du Talon,384389215
80323589,Club Passionnes de la Braise,583524588
663341656,Confrerie Reunis de la Braise,463750582
314027808,Guilde Fondeurs du Cornichon,952053470
400539085,Bande Joyeux du Convive,382526263
487152216,Bande Chaleureux du Convive,384389215
160753640,Confrerie Impenitents de l  Alpage,916304920
496150148,Bande Passionnes du Feu,563851049
267776674,Societe Passionnes de la Vache,766209332
299186365,Les Gratines de la Fonte,726920833
794542029,Club Genereux de la Spatule,922293536
823327749,Clan Fumes du Talon,127325942
351478807,Societe Frenetiques du Convive,476933518
927362414,Clan Joyeux de la Meule,292447623
788543674,Brigade Genereux du Cornichon,978379894
688714833,Societe Genereux de la Raclette,646549134
292651360,Collectif Racletteurs du Gratinee,222138158
203595986,Clan Fumes de la Table,333845422
471399078,Bande Debordants de la Vache,928556102
637601077,Bande Impenitents de la Braise,244969078
326543829,Brigade Insatiables de l  Alpage,442898080
277624756,Confrerie Fumants de la Fonte,347814494
945795692,Bande Fumants de la Vache,978379894
742001784,Societe Chaleureux de la Fonte,512260267
782376565,Confrerie Combles du Convive,928556102
234994698,Brigade Combles de la Charcuterie,195834365
772628947,Tribu Fondeurs de la Raclette,767340715
2420937,Club Croustillants de la Raclette,512260267
294340844,Confrerie Impenitents du Chalet,11695301
573961062,Brigade Joyeux de la Vache,195834365
610924090,Cercle Passionnes du Poelon,174539355
417628519,Les Fumes de la Raclette,127325942
773064582,Societe Gourmands du Convive,216212938
556523040,Club Joyeux de la Charcuterie,11630817
54348931,Brigade Frenetiques du Convive,388979492
336425291,Clan Fervents du Chalet,412646028
348298173,Les Passionnes du Convive,686180363
753108210,Club Fondus du Cornichon,226251929
922280289,Clan Fondus de la Charcuterie,848576791
4460915,Collectif Tenaces du Poelon,205080550
67816186,Cercle Gourmands de la Charcuterie,11630817
165196806,Brigade Fondus du Talon,244969078
845600557,Club Fumes de la Spatule,38890323
280312453,Guilde Fondeurs du Feu,292447623
416877314,Confrerie Reunis de la Table,721012901
213359174,Gang Beats de la Braise,473828928
286843889,Brigade Racletteurs de la Spatule,838590842
984538555,Brigade Racletteurs du Feu,50837198
456408362,Les Fondeurs du Plateau,168814163
506818603,Confrerie Dores de la Fonte,960047313
6811274,Brigade Tenaces de la Meule,174539355
987018050,Cercle Genereux du Chalet,962371616
451903195,Tribu Fondus du Chalet,195834365
532935792,Les Debordants de la Braise,874496707
323097137,Societe Fondeurs du Convive,682806601
2319962,Brigade Affames du Talon,373047598
462900529,Brigade Heureux de la Raclette,184349944
732754464,Societe Beats de la Meule,177554511
252778748,Collectif Genereux de l  Alpage,448736624
929355208,Collectif Racletteurs de la Fonte,563851049
96692327,Gang Fumants de la Vache,721012901
259259943,Confrerie Dores de la Croute,292447623
941228789,Brigade Gourmands de la Meule,494627358
863017224,Les Chaleureux de la Raclette,497683137
422096138,Guilde Combles de la Charcuterie,463750582
957849190,Brigade Beats du Plateau,529490967
183907320,Clan Heureux de la Raclette,216212938
179360584,Societe Audacieux de l  Alpage,216212938
363178902,Tribu Fumes du Convive,222138158
599000368,Clan Fondus du Feu,665625286
940082267,Les Debordants du Couteau,687485085
204119648,Guilde Passionnes du Fromage,244969078
274426303,Club Genereux de la Charcuterie,84242852
234934977,Guilde Joyeux de l  Alpage,463750582
683409301,Guilde Affames du Chalet,610016589
143812446,Clan Gratines de la Braise,848576791
281051377,Gang Dores du Convive,448736624
618858836,Club Frenetiques du Gratinee,817974394
895219198,Gang Fervents du Couteau,831451328
72443002,Collectif Fumants du Chalet,84242852
4973243,Bande Debordants du Convive,962371616
736799643,Brigade Tenaces du Cornichon,205080550
380742867,Tribu Affames de la Braise,767340715
957846595,Club Fervents de l  Alpage,50837198
483674267,Bande Fumants du Cornichon,410759104
152070576,Tribu Joyeux de la Vache,201165597
654422489,Clan Debordants du Poelon,50837198
506918267,Confrerie Gratines du Gratinee,347814494
365113218,Guilde Reunis du Convive,887970266
458938358,Collectif Beats du Poelon,583524588
1777922,Confrerie Passionnes de la Vache,533636691
531984402,Cercle Insatiables de la Braise,610016589
174862949,Societe Frenetiques du Plateau,303950331
27611687,Les Dores du Feu,962371616
362440434,Confrerie Heureux du Chalet,11630817
608023369,Brigade Fumes du Fromage,960047313
714900162,Tribu Debordants de la Meule,203017277
25375637,Club Dores de la Croute,706212664
602439613,Tribu Heureux de l  Alpage,347814494
543796734,Gang Frenetiques du Convive,610016589
293279729,Confrerie Beats de la Vache,706212664
753973911,Cercle Audacieux de la Fonte,1407501
785560202,Guilde Gratines de la Croute,201165597
60570703,Club Passionnes de la Spatule,195834365
873905517,Bande Gratines de l  Alpage,512260267
592537459,Les Insatiables de la Raclette,726920833
214814215,Guilde Racletteurs du Convive,646549134
141298529,Cercle Beats de la Vache,909557859
260659064,Clan Impenitents du Couteau,646549134
301607396,Tribu Reunis de la Vache,1407501
559966774,Gang Beats du Couteau,115516126
784680046,Confrerie Heureux du Talon,431590391
999267798,Guilde Audacieux du Talon,682806601
943051550,Gang Affames du Couteau,535309628
553697377,Societe Frenetiques du Cornichon,874496707
324824108,Gang Tenaces de la Croute,928556102
813363259,Clan Affames de la Croute,463750582
709276296,Tribu Racletteurs du Couteau,463750582
432299488,Club Beats du Plateau,372330719
636316143,Tribu Beats du Fromage,50837198
694558750,Societe Gourmands de la Spatule,766209332
191093676,Collectif Gourmands de la Meule,874496707
904982496,Clan Passionnes du Couteau,1407501
958293860,Guilde Heureux du Cornichon,473828928
772195502,Collectif Fondus du Couteau,887970266
133601003,Collectif Fumes du Cornichon,123945091
857655451,Bande Dores du Convive,333845422
433939158,Tribu Affames du Feu,962371616
111327572,Club Genereux de la Raclette,214621790
175862580,Confrerie Combles de la Meule,201165597
569024295,Gang Fumants du Plateau,609383017
911767777,Clan Chaleureux de la Raclette,533636691
639788228,Les Affames du Couteau,476933518
246085329,Les Insatiables du Gratinee,11695301
249560133,Bande Debordants de la Croute,767340715
266215001,Confrerie Gratines de la Spatule,494627358
989836097,Guilde Tenaces du Chalet,682806601
566583854,Cercle Chaleureux de la Meule,127325942
301940797,Guilde Audacieux du Feu,125886053
734434784,Collectif Genereux du Convive,195834365
664723097,Guilde Gourmands du Talon,838590842
805656119,Clan Dores de l  Alpage,347814494
716082325,Clan Passionnes du Fromage,473828928
783813851,Clan Insatiables de la Vache,216212938
486883235,Cercle Fondus de la Braise,214621790
24571780,Bande Racletteurs de la Raclette,962371616
466496192,Collectif Debordants de l  Alpage,874496707
355080210,Clan Insatiables de la Fonte,874496707
482152105,Gang Frenetiques du Plateau,767340715
339549357,Confrerie Audacieux de la Charcuterie,333845422
748827296,Societe Insatiables du Fromage,463750582
252190382,Collectif Audacieux de l  Alpage,324349299
653750573,Les Racletteurs du Poelon,205080550
118635884,Guilde Combles du Convive,123945091
99143113,Brigade Reunis du Talon,216212938
557471778,Guilde Impenitents du Talon,222138158
327908158,Collectif Croustillants du Feu,127325942
434624097,Brigade Tenaces de la Croute,952053470
90788145,Collectif Fumants du Poelon,766209332
972332097,Brigade Beats du Poelon,512260267
34253197,Guilde Impenitents de la Croute,563851049
577319028,Club Insatiables du Couteau,610016589
220312966,Societe Debordants du Chalet,715883881
769650998,Confrerie Gourmands de la Vache,50837198
285807111,Bande Gratines de la Table,324349299
306042096,Brigade Chaleureux de l  Alpage,533636691
137328822,Clan Insatiables du Couteau,333845422
744137722,Club Beats de la Meule,249405164
255869024,Cercle Reunis du Talon,781421121
286213047,Collectif Combles du Cornichon,686180363
943091782,Tribu Impenitents de la Meule,978379894
508783071,Gang Joyeux de l  Alpage,887970266
136710438,Tribu Fumants de la Braise,782534705
788562912,Bande Tenaces de l  Alpage,324349299
536200285,Guilde Audacieux du Gratinee,382526263
166189581,Clan Joyeux du Feu,687485085
436666739,Tribu Fervents du Feu,978379894
51645500,Confrerie Dores de la Meule,565377476
790870795,Collectif Beats de la Raclette,610016589
102832796,Collectif Debordants du Plateau,226251929
564544095,Cercle Affames du Poelon,195834365
114887673,Brigade Frenetiques du Plateau,563851049
402612296,Club Genereux de la Vache,687485085
590336854,Cercle Audacieux de la Braise,646549134
132734140,Bande Tenaces de la Vache,281972261
986190302,Gang Racletteurs de la Croute,84242852
491354792,Gang Dores du Plateau,715883881
49532838,Clan Fondeurs de la Spatule,292618919
329034361,Brigade Affames du Gratinee,347814494
303459735,Confrerie Beats de la Braise,382813525
87060624,Confrerie Impenitents du Plateau,38890323
428437664,Collectif Impenitents de la Vache,149672717
820904533,Collectif Impenitents du Poelon,38890323
356401950,Gang Passionnes de la Fonte,715883881
301776124,Confrerie Gourmands de la Charcuterie,115516126
767598531,Confrerie Fondus de la Vache,373047598
768274162,Confrerie Racletteurs de la Fonte,715883881
727171395,Confrerie Fervents de la Croute,42342981
394207371,Cercle Gourmands de la Vache,244969078
68173472,Collectif Joyeux de la Croute,125886053
989082692,Guilde Fervents du Fromage,762805916
872088632,Cercle Combles de la Spatule,848576791
774280778,Tribu Fumants de la Meule,831451328
408512514,Clan Beats du Gratinee,952053470
868687542,Tribu Racletteurs du Plateau,195834365
114446846,Clan Gratines du Talon,203017277
847700328,Guilde Affames de la Table,686180363
667499504,Brigade Beats du Fromage,409543208
197283674,Les Frenetiques du Cornichon,42342981
742476218,Gang Tenaces du Plateau,715883881
429609783,Clan Heureux de la Braise,960047313
388082484,Club Fondus du Couteau,244969078
214546933,Guilde Gourmands de la Meule,97584192
717493711,Cercle Passionnes du Feu,448736624
713949047,Collectif Racletteurs de la Vache,665625286
896958974,Societe Fervents du Cornichon,476933518
923245089,Guilde Gratines de la Raclette,168814163
927186016,Clan Gratines du Feu,767340715
310633097,Collectif Dores de la Vache,412646028
982056592,Societe Croustillants de la Spatule,195834365
783460922,Clan Genereux de la Spatule,42342981
56740819,Bande Beats du Cornichon,715883881
17281933,Gang Combles du Plateau,627935940
424160468,Bande Debordants du Couteau,412646028
570652111,Collectif Passionnes du Gratinee,382526263
74190278,Cercle Tenaces du Convive,609383017
448537033,Club Fondus de la Meule,115516126
760098822,Club Debordants du Plateau,149672717
790108453,Societe Combles du Gratinee,123945091
833093443,Cercle Fumes du Poelon,281035934
770259780,Guilde Fumes de la Vache,195834365
129230275,Gang Impenitents de la Spatule,610016589
429975186,Societe Affames de la Raclette,978379894
725950268,Guilde Insatiables du Gratinee,922293536
750278264,Club Racletteurs de la Table,442898080
77744217,Confrerie Fumants du Gratinee,412646028
562806553,Tribu Impenitents du Plateau,726920833
833042344,Brigade Racletteurs du Talon,303950331
805976551,Gang Fumes du Feu,384389215
617185075,Guilde Tenaces de la Vache,373047598
559405125,Les Fondeurs de l  Alpage,476933518
273699263,Les Chaleureux de l  Alpage,726920833
402276098,Societe Reunis de la Raclette,149672717
525461341,Bande Impenitents du Fromage,377380595
53274489,Collectif Audacieux de la Meule,395877409
340499913,Cercle Combles du Fromage,123945091
74434705,Club Combles de la Table,412646028
717823673,Confrerie Audacieux de la Spatule,123945091
231627720,Bande Insatiables du Couteau,962371616
245404598,Guilde Fondeurs de la Meule,978379894
644397155,Les Gourmands du Chalet,431590391
808472849,Guilde Affames de la Meule,222138158
144010726,Brigade Beats de la Spatule,123945091
502220969,Clan Fondeurs de la Braise,817974394
901222072,Tribu Fumants du Gratinee,721012901
773715566,Gang Fumants de la Raclette,721012901
215577537,Collectif Tenaces de la Charcuterie,952053470
308999695,Clan Gratines de la Raclette,687485085
748846498,Les Genereux du Cornichon,782534705
995555863,Guilde Affames du Fromage,781421121
741334823,Confrerie Insatiables de la Fonte,281035934
979866593,Cercle Reunis de l  Alpage,324349299
188817425,Brigade Fervents du Plateau,1407501
702238822,Les Frenetiques de la Spatule,627935940
700764354,Cercle Gourmands du Cornichon,97584192
134067222,Tribu Heureux du Talon,928556102
462264796,Tribu Fumes du Gratinee,799072372
88758174,Club Audacieux du Poelon,782534705
228145791,Gang Joyeux de la Braise,726920833
30131740,Club Fervents de la Charcuterie,529490967
576961880,Gang Racletteurs du Cornichon,84242852
287341512,Societe Dores de la Spatule,168814163
45074397,Brigade Fumants du Cornichon,177554511
208203279,Les Fervents du Chalet,646549134
789837610,Guilde Beats du Gratinee,494627358
118007697,Confrerie Debordants de la Charcuterie,512260267
187787727,Gang Gratines de la Meule,11630817
529897583,Gang Insatiables du Couteau,431590391
896176197,Confrerie Fervents du Chalet,706212664
218258056,Club Gratines du Plateau,205080550
656148358,Tribu Gratines de la Fonte,84242852
202988729,Bande Impenitents de la Croute,372330719
623518393,Confrerie Fumants de la Croute,665625286
157795220,Brigade Croustillants du Chalet,646549134
706368846,Cercle Reunis du Convive,448736624
181145846,Clan Reunis de la Charcuterie,303950331
796399570,Guilde Beats de la Charcuterie,347814494
544692867,Collectif Dores du Feu,565377476
483402807,Bande Dores du Couteau,205080550
260965469,Cercle Beats de la Meule,333845422
523490220,Clan Beats de la Raclette,372330719
633836305,Brigade Racletteurs du Poelon,442898080
267851540,Bande Gratines de la Meule,583524588
588940620,Brigade Beats de la Braise,292618919
82463626,Les Affames du Gratinee,184349944
241069354,Brigade Fondus de la Meule,201165597
592040625,Guilde Fondeurs de la Table,177554511
522552399,Gang Beats de la Charcuterie,203017277
357971216,Tribu Combles du Poelon,610016589
584497321,Clan Racletteurs de la Fonte,463750582
925619802,Bande Fondeurs du Convive,431590391
599733338,Tribu Gourmands du Poelon,214621790
807400810,Clan Fumants du Couteau,686180363
73242859,Societe Fondus de la Table,292447623
260484316,Collectif Chaleureux du Poelon,410759104
495001732,Confrerie Heureux de la Braise,42342981
881387310,Clan Gratines de la Table,646549134
154379817,Guilde Chaleureux du Gratinee,303950331
582293440,Gang Reunis du Couteau,762805916
459997645,Collectif Fondeurs du Poelon,135105260
811912444,Collectif Dores du Couteau,357329760
237448605,Club Fervents du Plateau,874496707
40615741,Tribu Tenaces du Cornichon,195834365
755383750,Brigade Passionnes du Feu,529490967
387501095,Cercle Fervents de la Meule,463750582
794638241,Guilde Tenaces de la Croute,11695301
620065015,Cercle Fondeurs de la Meule,333845422
238276917,Brigade Fumes du Cornichon,928556102
790538707,Collectif Fervents de la Croute,123945091
237293355,Collectif Heureux de la Table,448736624
379228835,Tribu Impenitents du Fromage,222138158
874015017,Bande Insatiables du Chalet,817974394
647663773,Confrerie Fervents du Convive,726920833
696348325,Confrerie Genereux de la Croute,831451328
565815181,Cercle Fondus de la Raclette,292447623
154006398,Club Gratines de la Vache,978379894
619043024,Societe Gratines du Poelon,195834365
8320291,Cercle Fondeurs du Cornichon,473828928
500969396,Cercle Chaleureux du Chalet,373047598
266245746,Societe Reunis du Feu,357329760
315892910,Cercle Combles de la Braise,535309628
970190316,Les Debordants du Gratinee,848576791
641014717,Collectif Combles du Talon,762805916
112018398,Clan Fondeurs de la Raclette,529490967
10048147,Societe Beats du Talon,787207463
589866222,Tribu Genereux de la Raclette,535309628
755259660,Clan Croustillants du Gratinee,324349299
907654270,Collectif Racletteurs de la Braise,665625286
927528929,Clan Reunis de la Raclette,292618919
78838882,Gang Gratines de la Table,563851049
561668832,Gang Chaleureux de la Fonte,609383017
947324646,Guilde Gourmands de l  Alpage,583524588
643174017,Les Dores du Convive,448736624
55976218,Bande Fumes du Plateau,127325942
350838022,Societe Gratines du Plateau,887970266
216363801,Brigade Fondus du Chalet,384389215
480623471,Brigade Beats de la Table,377380595
282289961,Cercle Debordants de la Meule,115516126
965967909,Confrerie Beats du Gratinee,448736624
852576916,Les Debordants du Poelon,382526263
714284999,Gang Gratines du Gratinee,721012901
488780244,Confrerie Audacieux de la Meule,195834365
914540929,Bande Genereux du Fromage,372330719
635409713,Bande Fumants du Couteau,347814494
98035337,Cercle Gourmands du Poelon,216212938
31558131,Brigade Frenetiques de la Croute,135105260
245202212,Societe Frenetiques de la Braise,201165597
718483935,Guilde Joyeux de la Meule,384389215
785875774,Les Passionnes de la Fonte,412646028
707555095,Cercle Fumes du Feu,767340715
950918305,Tribu Debordants du Plateau,388979492
850235009,Brigade Genereux de la Raclette,125886053
541386154,Club Affames du Talon,887970266
844233925,Gang Dores du Feu,324349299
51634301,Clan Fondus du Plateau,533636691
904291382,Clan Fondeurs de la Vache,962371616
317699401,Les Dores de la Table,357329760
165166971,Guilde Genereux de la Croute,687485085
777645855,Brigade Debordants du Fromage,127325942
516568612,Guilde Debordants du Chalet,115516126
906681083,Collectif Tenaces de la Meule,214621790
317992053,Tribu Fumes de la Table,848576791
269539520,Tribu Fumes du Fromage,115516126
524035451,Gang Frenetiques du Poelon,762805916
990106226,Collectif Audacieux du Gratinee,216212938
705138580,Brigade Combles du Fromage,646549134
331635724,Bande Fondus du Gratinee,249405164
157708950,Confrerie Combles du Plateau,135105260
670954216,Guilde Combles du Couteau,609383017
418639222,Cercle Affames du Gratinee,431590391
299134951,Tribu Fervents du Chalet,687485085
86671485,Collectif Beats du Convive,281035934
920039230,Collectif Chaleureux de la Croute,384389215
425483609,Club Heureux de la Braise,533636691
258247899,Les Insatiables de la Fonte,610016589
556394863,Les Croustillants du Poelon,874496707
758812380,Bande Insatiables de la Table,382813525
689529278,Gang Fumes du Convive,762805916
275043775,Brigade Affames de la Fonte,909557859
952416059,Brigade Impenitents du Poelon,682806601
353306307,Collectif Fervents de l  Alpage,978379894
141636519,Club Impenitents de la Spatule,400822160
38883049,Gang Combles de la Braise,123945091
655100275,Gang Fervents du Chalet,324349299
78165012,Clan Heureux du Convive,400822160
724662636,Club Combles de la Spatule,721012901
427316150,Club Debordants du Feu,400822160
8908685,Cercle Fumes de la Raclette,497683137
790647054,Bande Fumants de la Meule,384389215
927562785,Bande Tenaces de la Raclette,382813525
248655714,Brigade Beats du Feu,838590842
722718314,Societe Beats du Gratinee,84242852
666949006,Clan Affames du Gratinee,125886053
440229708,Guilde Debordants de l  Alpage,84242852
704675420,Collectif Affames de la Meule,203017277
837322608,Collectif Dores du Cornichon,473828928
492893559,Bande Gratines du Chalet,226251929
702062189,Les Gourmands du Feu,372330719
294594369,Cercle Fondus du Talon,244969078
553175314,Collectif Impenitents du Gratinee,533636691
804856016,Gang Racletteurs du Poelon,473828928
835733321,Guilde Gourmands de la Braise,952053470
217614169,Club Racletteurs de la Croute,281972261
700750674,Tribu Impenitents du Cornichon,962371616
138126119,Bande Dores de l  Alpage,292447623
543970119,Confrerie Fumants du Fromage,168814163
957055303,Societe Chaleureux du Convive,292447623
913702575,Tribu Audacieux de la Vache,50837198
658508657,Club Passionnes de l  Alpage,377380595
901169551,Societe Beats de la Fonte,887970266
489901399,Guilde Insatiables du Convive,11630817
748935447,Club Beats du Chalet,687485085
505601037,Collectif Fervents du Gratinee,281972261
514611225,Societe Fondus de la Vache,448736624
598846856,Tribu Insatiables de la Raclette,782534705
313273954,Cercle Heureux du Chalet,303950331
385671279,Bande Gratines du Talon,384389215
383424458,Club Croustillants de la Croute,726920833
619150903,Confrerie Frenetiques du Fromage,50837198
430899031,Bande Fumes de la Charcuterie,922293536
185324347,Bande Beats de la Vache,214621790
865593777,Club Insatiables du Cornichon,922293536
98961597,Societe Combles du Convive,431590391
970220370,Tribu Debordants de la Spatule,409543208
771497145,Guilde Fondus de la Croute,766209332
902869175,Bande Dores de la Meule,50837198
244924447,Clan Beats de la Table,646549134
647347912,Bande Gourmands de la Vache,382813525
448108285,Collectif Racletteurs du Chalet,50837198
122484081,Cercle Debordants de la Table,962371616
690189112,Les Fumants de la Table,409543208
458461211,Cercle Insatiables du Chalet,195834365
186708446,Cercle Fervents du Talon,609383017
125958412,Bande Gratines de la Raclette,174539355
95386957,Club Passionnes de la Fonte,766209332
914910178,Collectif Fumes de l  Alpage,476933518
437171191,Cercle Dores de la Raclette,135105260
22575500,Guilde Fumes de la Meule,123945091
327353678,Tribu Dores du Chalet,563851049
73734900,Guilde Racletteurs de la Croute,978379894
560616064,Cercle Tenaces du Feu,410759104
452933471,Societe Fondeurs du Couteau,610016589
69047404,Club Affames de la Charcuterie,687485085
668366990,Brigade Dores de la Fonte,726920833
304442776,Guilde Debordants du Feu,333845422
313466671,Collectif Joyeux du Convive,767340715
574972239,Collectif Fumes de la Raclette,97584192
338636643,Collectif Insatiables du Convive,281972261
521081754,Confrerie Tenaces du Cornichon,203017277
527259096,Societe Affames du Chalet,168814163
692824402,Clan Debordants du Convive,817974394
489999450,Clan Croustillants du Couteau,817974394
581157167,Guilde Gourmands du Couteau,149672717
420671579,Societe Fervents du Gratinee,412646028
114852134,Gang Gourmands du Gratinee,127325942
181574599,Tribu Fumes du Plateau,646549134
509669411,Bande Genereux de la Braise,42342981
414571043,Confrerie Gourmands du Plateau,565377476
300082056,Les Insatiables du Cornichon,431590391
504007770,Guilde Debordants du Talon,665625286
572542942,Cercle Fervents de la Charcuterie,726920833
959305978,Societe Fervents de la Fonte,281035934
23841119,Cercle Frenetiques de la Table,448736624
374921240,Clan Frenetiques de la Raclette,627935940
922573914,Gang Gratines de la Braise,303950331
230928736,Confrerie Croustillants de la Charcuterie,281972261
625573350,Bande Affames du Poelon,726920833
517297195,Brigade Frenetiques du Feu,497683137
373262252,Collectif Tenaces du Convive,214621790
461472944,Club Debordants de la Croute,11695301
334576942,Brigade Combles du Gratinee,281035934
255189221,Gang Impenitents du Poelon,782534705
913495862,Gang Affames de la Charcuterie,384389215
696643082,Tribu Croustillants du Gratinee,347814494
782806440,Tribu Insatiables de la Meule,627935940
652646580,Tribu Passionnes du Feu,448736624
82307398,Cercle Fumants du Cornichon,665625286
249610829,Bande Fervents de la Vache,766209332
828172409,Confrerie Fondeurs de la Table,848576791
534994857,Gang Gratines du Poelon,448736624
659414616,Les Affames de la Croute,817974394
45510913,Societe Fervents du Convive,431590391
454172936,Tribu Beats de la Croute,357329760
401999803,Bande Fondeurs du Couteau,682806601
554408987,Cercle Audacieux du Feu,347814494
196173348,Societe Insatiables de la Charcuterie,463750582
696395363,Tribu Frenetiques de la Charcuterie,627935940
182118334,Brigade Frenetiques du Fromage,412646028
750475396,Bande Fervents du Plateau,125886053
613049945,Gang Racletteurs de la Raclette,384389215
558487407,Societe Heureux du Fromage,373047598
132949266,Guilde Frenetiques de l  Alpage,721012901
222637301,Collectif Reunis de la Charcuterie,184349944
998740140,Guilde Genereux du Poelon,1407501
674123581,Guilde Frenetiques du Chalet,292447623
42855552,Tribu Dores du Feu,149672717
599381603,Gang Gourmands du Talon,388979492
317614048,Les Racletteurs du Plateau,409543208
433371051,Confrerie Joyeux de la Braise,726920833
242905569,Gang Gratines du Feu,249405164
882801689,Societe Gourmands de la Table,916304920
242606247,Confrerie Fumes du Couteau,960047313
704555322,Collectif Frenetiques de la Table,766209332
87353777,Clan Fumes du Couteau,382813525
481313109,Tribu Impenitents de l  Alpage,249405164
457901833,Guilde Frenetiques de la Fonte,214621790
47555378,Brigade Heureux de la Fonte,226251929
493220027,Societe Heureux du Convive,214621790
776263569,Bande Frenetiques du Gratinee,357329760
805090822,Tribu Combles de l  Alpage,184349944
706390368,Brigade Fumants de la Charcuterie,292618919
749797004,Gang Impenitents de la Croute,762805916
360142958,Brigade Affames de la Raclette,533636691
563343828,Societe Fondus du Gratinee,281035934
481499082,Societe Frenetiques de la Fonte,497683137
671533477,Confrerie Fumes de l  Alpage,382526263
858179300,Cercle Fumants du Feu,216212938
145619983,Societe Racletteurs du Talon,962371616
771364441,Confrerie Affames de la Table,687485085
309358724,Confrerie Dores du Talon,216212938
571978107,Les Fumants de la Spatule,687485085
799463704,Bande Heureux du Convive,799072372
174851926,Club Tenaces de la Croute,168814163
622663085,Les Fumes du Chalet,373047598
160054484,Clan Dores de la Fonte,848576791
171132687,Brigade Fervents de la Raclette,395877409
978367377,Collectif Racletteurs du Talon,409543208
852182370,Les Audacieux du Convive,201165597
36402913,Cercle Combles de la Raclette,184349944
412301377,Les Joyeux de la Raclette,721012901
27112820,Guilde Fondeurs du Plateau,174539355
324826947,Bande Insatiables de la Braise,168814163
946311710,Collectif Fumes de la Table,686180363
151766329,Clan Gourmands de la Table,123945091
480776750,Clan Passionnes de la Fonte,97584192
138994514,Club Fervents du Chalet,767340715
201962623,Societe Beats de l  Alpage,799072372
779959724,Societe Chaleureux du Fromage,848576791
754653195,Societe Fervents de la Raclette,497683137
303168678,Guilde Tenaces de la Fonte,42342981
638780593,Gang Gratines du Couteau,838590842
600223710,Club Audacieux du Plateau,174539355
719704999,Cercle Gourmands du Convive,382813525
928247794,Brigade Audacieux du Talon,782534705
239867194,Clan Reunis de l  Alpage,583524588
318756344,Bande Insatiables de la Charcuterie,448736624
274448949,Societe Racletteurs du Fromage,203017277
683009106,Brigade Dores du Gratinee,409543208
563704060,Societe Genereux du Poelon,922293536
796350637,Collectif Fumants de la Braise,382813525
705030766,Brigade Chaleureux du Cornichon,922293536
240882720,Collectif Gratines de la Raclette,473828928
438340900,Societe Fumants de la Raclette,281035934
38150663,Bande Fondeurs du Talon,687485085
777060567,Cercle Beats du Feu,195834365
309050705,Clan Reunis de la Vache,177554511
134657398,Collectif Croustillants du Talon,838590842
982640971,Collectif Reunis du Feu,529490967
114315190,Club Gratines de la Braise,84242852
751608049,Tribu Heureux du Gratinee,799072372
919148874,Club Racletteurs du Plateau,831451328
359973524,Les Fumes de la Table,195834365
869040418,Confrerie Racletteurs de la Vache,11695301
309409482,Cercle Chaleureux du Couteau,512260267
42914671,Tribu Beats du Plateau,762805916
505848777,Collectif Croustillants de la Charcuterie,244969078
103371493,Clan Fondus de la Table,665625286
768046751,Clan Affames de la Braise,97584192
703631329,Cercle Gratines de la Spatule,384389215
42247448,Clan Racletteurs du Poelon,799072372
663064337,Tribu Beats de la Raclette,216212938
635060555,Societe Joyeux du Cornichon,766209332
562579023,Brigade Joyeux de la Fonte,324349299
441739332,Guilde Fondus du Poelon,463750582
203131334,Gang Impenitents de la Meule,535309628
205989393,Tribu Affames de la Meule,29219794
663276355,Clan Affames de la Raclette,627935940
20930231,Gang Chaleureux de la Croute,347814494
783015809,Collectif Combles de la Spatule,400822160
218615596,Bande Audacieux de la Braise,168814163
593279520,Gang Audacieux de la Meule,244969078
653757254,Collectif Tenaces de la Vache,127325942
842108279,Cercle Dores du Gratinee,512260267
839185548,Club Chaleureux de la Vache,762805916
93052703,Gang Gratines de la Croute,29219794
781972683,Societe Genereux du Fromage,400822160
153459336,Les Insatiables de la Braise,168814163
897772602,Collectif Combles de la Vache,395877409
173574435,Gang Fumes du Cornichon,127325942
212039288,Confrerie Genereux de la Braise,244969078
9113585,Bande Gourmands de l  Alpage,125886053
543158127,Les Tenaces de la Spatule,610016589
941314594,Guilde Reunis du Fromage,42342981
712469272,Confrerie Croustillants de la Meule,787207463
354225112,Club Fondeurs du Poelon,565377476
190790902,Clan Fondeurs du Poelon,533636691
123883192,Confrerie Combles du Poelon,412646028
676418303,Gang Beats du Talon,960047313
207600323,Tribu Croustillants du Poelon,610016589
379657457,Cercle Gratines de la Raclette,216212938
726408346,Confrerie Combles de la Charcuterie,226251929
435507409,Bande Racletteurs du Feu,409543208
39549064,Collectif Fervents du Talon,395877409
879610580,Brigade Gourmands de la Table,249405164
146976537,Confrerie Debordants de la Raclette,706212664
195853459,Brigade Affames de la Vache,38890323
663822569,Guilde Combles du Chalet,687485085
382045879,Collectif Tenaces de la Spatule,84242852
486031876,Tribu Frenetiques du Poelon,244969078
954372472,Bande Dores du Cornichon,909557859
630494627,Tribu Fervents de la Spatule,384389215
204510971,Gang Gourmands de la Raclette,174539355
226467894,Gang Chaleureux de la Vache,409543208
802207589,Clan Genereux du Talon,97584192
522207728,Brigade Heureux de la Croute,682806601
446299995,Gang Debordants de la Vache,29219794
801567850,Tribu Gourmands du Cornichon,431590391
293629270,Confrerie Passionnes de la Fonte,535309628
817531653,Clan Impenitents de la Meule,848576791
664184390,Tribu Combles de la Fonte,174539355
449583767,Collectif Fondeurs du Feu,373047598
267609943,Les Fondus de la Fonte,201165597
850963057,Guilde Combles de la Vache,135105260
197032260,Confrerie Frenetiques de la Fonte,533636691
303328711,Bande Insatiables du Fromage,627935940
480433994,Confrerie Croustillants du Plateau,706212664
589711566,Societe Reunis du Convive,687485085
606949103,Confrerie Heureux du Feu,409543208
488975666,Societe Croustillants du Cornichon,11630817
129902328,Brigade Audacieux de la Braise,665625286
756139640,Tribu Dores du Gratinee,97584192
415040322,Brigade Passionnes du Gratinee,762805916
745421763,Tribu Frenetiques de la Braise,373047598
431967120,Club Combles du Convive,222138158
660333519,Bande Croustillants du Gratinee,431590391
158436469,Bande Debordants du Poelon,382526263
18336315,Les Passionnes de la Vache,817974394
907160554,Guilde Racletteurs de la Spatule,952053470
77416757,Brigade Gourmands de la Fonte,563851049
298847478,Bande Genereux du Cornichon,887970266
332883815,Tribu Dores du Couteau,388979492
528198306,Brigade Reunis du Convive,831451328
360667471,Societe Dores du Convive,372330719
273539913,Clan Chaleureux du Gratinee,960047313
728969273,Clan Chaleureux de la Vache,42342981
794214231,Collectif Affames de la Table,50837198
998133733,Les Fondus du Poelon,42342981
803160966,Les Debordants de la Croute,535309628
877250304,Collectif Genereux de la Meule,281972261
789167738,Societe Gourmands du Fromage,497683137
893890455,Confrerie Gratines de la Braise,512260267
152382129,Bande Affames du Feu,781421121
851978524,Collectif Tenaces du Feu,377380595
966238466,Clan Tenaces du Convive,726920833
184031706,Les Joyeux de la Vache,400822160
981863197,Tribu Debordants du Fromage,384389215
121806951,Les Gratines de l  Alpage,244969078
239249032,Tribu Insatiables du Fromage,743487584
60749315,Tribu Heureux de la Spatule,50837198
440948713,Cercle Fumants du Plateau,952053470
293996133,Tribu Gourmands du Talon,201165597
561911069,Brigade Impenitents de l  Alpage,533636691
159073754,Gang Fondus du Gratinee,529490967
75368865,Collectif Dores du Poelon,382813525
17954960,Club Audacieux du Cornichon,214621790
461706650,Les Dores du Fromage,687485085
476337187,Societe Chaleureux de la Meule,11630817
6728414,Clan Debordants du Couteau,563851049
466816385,Guilde Fumants de la Table,174539355
678378650,Societe Racletteurs du Convive,409543208
85488027,Brigade Affames de la Meule,195834365
336906010,Collectif Passionnes de la Vache,177554511
984128685,Guilde Tenaces du Poelon,333845422
918645681,Cercle Fervents du Fromage,799072372
260075296,Confrerie Racletteurs de la Croute,395877409
671698408,Societe Audacieux de la Meule,887970266
538363922,Confrerie Racletteurs du Cornichon,177554511
919143459,Collectif Fumes du Couteau,382813525
838653479,Gang Reunis de la Croute,706212664
106013348,Societe Combles de la Meule,125886053
290895474,Tribu Combles du Gratinee,412646028
995216515,Confrerie Fondus du Couteau,333845422
177451450,Guilde Reunis du Feu,372330719
1957530,Guilde Audacieux du Couteau,410759104
956865429,Les Dores de l  Alpage,168814163
693977329,Clan Frenetiques du Talon,721012901
724657342,Bande Fumes du Cornichon,887970266
156821443,Gang Chaleureux de la Charcuterie,687485085
262379014,Guilde Insatiables du Talon,127325942
272288512,Societe Fondus de la Meule,787207463
124787783,Brigade Gourmands du Cornichon,787207463
738762112,Societe Dores de la Croute,324349299
469974070,Societe Audacieux du Couteau,928556102
668581594,Bande Reunis de l  Alpage,442898080
822389001,Club Gourmands de la Meule,960047313
107980025,Cercle Debordants de la Braise,281035934
254841633,Gang Fumants du Fromage,29219794
668686596,Club Impenitents de la Vache,135105260
523058998,Club Fondeurs du Feu,395877409
590744306,Bande Audacieux du Fromage,1407501
805203681,Brigade Debordants du Cornichon,583524588
302434546,Confrerie Racletteurs de la Table,384389215
648176618,Cercle Tenaces du Cornichon,682806601
88911499,Cercle Gourmands de l  Alpage,782534705
917465590,Brigade Passionnes du Convive,195834365
