Categorie,Nom
Sauce,Creme au Gingembre Selection
Sauce,Emulsion au Wasabi Gourmet
Sauce,Creme au Lait de Coco Tradition
Sauce,Vinaigrette au Wasabi Snacke
Sauce,Sauce au Truffe Facon Chef
Sauce,Emulsion au Basilic Bio
Sauce,Emulsion au Beurre de cacahuete Selection
Sauce,Coulis au Soja Bio
Sauce,Vinaigrette au Soja Selection
Sauce,Creme au Beurre de cacahuete Sauvage
Sauce,Sauce au Huile de sesame Tradition
Sauce,Coulis au Gingembre Snacke
Sauce,Coulis au Beurre Tradition
Sauce,Creme au Beurre de cacahuete Tradition
Sauce,Emulsion au Thym Selection
Sauce,Sauce au Vinaigre de riz Bio
Sauce,Coulis au Miel Fume
Sauce,Sauce au Lait de Coco Selection
Sauce,Emulsion au Huile d olive Sauvage
Sauce,Emulsion au Gingembre Fume
Sauce,Vinaigrette au Truffe Facon Chef
Sauce,Coulis au Ail Frais
Sauce,Creme au Huile de sesame Gourmet
Sauce,Emulsion au Ail Gourmet
Sauce,Vinaigrette au Huile d olive Sauvage
Sauce,Vinaigrette au Truffe Bio
Sauce,Vinaigrette au Beurre de cacahuete Bio
Sauce,Emulsion au Huile de sesame Snacke
Sauce,Vinaigrette au Gingembre Frit
Sauce,Vinaigrette au Ssamjang Fume
Sauce,Creme au Gochujang Facon Chef
Sauce,Creme au Coriandre Bio
Sauce,Creme au Lait de Coco Premium
Sauce,Vinaigrette au Gochujang Gourmet
Sauce,Vinaigrette au Piment Frais
Sauce,Coulis au Basilic Gourmet
Sauce,Sauce au Gingembre Tradition
Sauce,Creme au Lait de Coco Selection
Sauce,Coulis au Curry Snacke
Sauce,Coulis au Coriandre Selection
Sauce,Coulis au Basilic Premium
Sauce,Vinaigrette au Piment Fume
Sauce,Creme au Curry Sauvage
Sauce,Sauce au Gingembre Gourmet
Sauce,Emulsion au Gingembre Facon Chef
Sauce,Emulsion au Wasabi Selection
Sauce,Sauce au Coriandre Bio
Sauce,Coulis au Huile d olive Snacke
Sauce,Sauce au Gingembre Frit
Sauce,Sauce au Piment Fume
Sauce,Sauce au Ssamjang Bio
Sauce,Coulis au Ssamjang Tradition
Sauce,Emulsion au Ssamjang Frit
Sauce,Vinaigrette au Huile d olive Frais
Sauce,Creme au Wasabi Fume
Sauce,Vinaigrette au Piment Frit
Sauce,Emulsion au Coriandre Gourmet
Sauce,Creme au Huile d olive Fume
Sauce,Creme au Miel Frais
Sauce,Emulsion au Curry Frit
Sauce,Coulis au Gochujang Fume
Sauce,Vinaigrette au Soja Facon Chef
Sauce,Vinaigrette au Coriandre Gourmet
Sauce,Sauce au Beurre Bio
Sauce,Emulsion au Huile d olive Selection
Sauce,Emulsion au Gingembre Frit
Sauce,Coulis au Huile d olive Frais
Sauce,Creme au Huile de sesame Bio
Sauce,Vinaigrette au Gingembre Snacke
Sauce,Vinaigrette au Huile d olive Selection
Sauce,Coulis au Ssamjang Facon Chef
Sauce,Vinaigrette au Truffe Frit
Sauce,Coulis au Soja Sauvage
Sauce,Creme au Coriandre Frais
Sauce,Vinaigrette au Ail Gourmet
Sauce,Sauce au Soja Bio
Sauce,Coulis au Lait de Coco Tradition
Sauce,Vinaigrette au Basilic Premium
Sauce,Emulsion au Truffe Facon Chef
Sauce,Emulsion au Thym Sauvage
Sauce,Coulis au Wasabi Bio
Sauce,Emulsion au Thym Gourmet
Sauce,Emulsion au Piment Bio
Sauce,Creme au Gochujang Selection
Sauce,Coulis au Miel Frit
Sauce,Vinaigrette au Wasabi Selection
Sauce,Sauce au Curry Tradition
Sauce,Creme au Vinaigre de riz Frais
Sauce,Creme au Huile d olive Frit
Sauce,Coulis au Thym Frais
Sauce,Vinaigrette au Miel Tradition
Sauce,Creme au Wasabi Facon Chef
Sauce,Creme au Ail Frit
Sauce,Creme au Vinaigre de riz Tradition
Sauce,Emulsion au Miel Facon Chef
Sauce,Sauce au Huile d olive Sauvage
Sauce,Coulis au Truffe Bio
Sauce,Emulsion au Ail Snacke
Sauce,Sauce au Miel Bio
Sauce,Creme au Lait de Coco Facon Chef
Sauce,Creme au Ssamjang Snacke
Sauce,Vinaigrette au Huile de sesame Facon Chef
Sauce,Emulsion au Piment Frais
Sauce,Emulsion au Huile d olive Fume
Sauce,Sauce au Ssamjang Facon Chef
Sauce,Sauce au Gingembre Facon Chef
Sauce,Sauce au Huile de sesame Frit
Sauce,Vinaigrette au Truffe Tradition
Sauce,Emulsion au Coriandre Selection
Sauce,Coulis au Ail Tradition
Sauce,Creme au Piment Sauvage
Sauce,Creme au Basilic Facon Chef
Sauce,Emulsion au Ssamjang Premium
Sauce,Coulis au Lait de Coco Sauvage
Sauce,Creme au Truffe Premium
Sauce,Vinaigrette au Beurre de cacahuete Selection
Sauce,Vinaigrette au Beurre de cacahuete Frais
Sauce,Sauce au Piment Gourmet
Sauce,Emulsion au Huile de sesame Frais
Sauce,Creme au Miel Facon Chef
Sauce,Vinaigrette au Gingembre Premium
Sauce,Emulsion au Lait de Coco Facon Chef
Sauce,Emulsion au Soja Sauvage
Sauce,Vinaigrette au Ail Frit
Sauce,Creme au Huile d olive Selection
Sauce,Emulsion au Vinaigre de riz Premium
Sauce,Sauce au Beurre Sauvage
Sauce,Emulsion au Thym Frit
Sauce,Creme au Vinaigre de riz Sauvage
Sauce,Emulsion au Gochujang Frais
Sauce,Emulsion au Wasabi Snacke
Sauce,Vinaigrette au Coriandre Frit
Sauce,Creme au Beurre de cacahuete Premium
Sauce,Vinaigrette au Curry Frais
Sauce,Creme au Soja Tradition
Sauce,Coulis au Miel Selection
Sauce,Coulis au Basilic Selection
Sauce,Coulis au Curry Frit
Sauce,Creme au Gingembre Bio
Sauce,Vinaigrette au Soja Frit
Sauce,Emulsion au Curry Facon Chef
Sauce,Sauce au Basilic Tradition
Sauce,Vinaigrette au Beurre de cacahuete Frit
Sauce,Vinaigrette au Soja Premium
Sauce,Creme au Huile d olive Tradition
Sauce,Creme au Beurre de cacahuete Gourmet
Sauce,Creme au Ail Gourmet
Sauce,Emulsion au Lait de Coco Frit
Sauce,Creme au Gingembre Snacke
Sauce,Creme au Soja Frais
Sauce,Creme au Vinaigre de riz Facon Chef
Sauce,Coulis au Lait de Coco Snacke
Sauce,Sauce au Lait de Coco Frit
Sauce,Emulsion au Gochujang Gourmet
Sauce,Creme au Truffe Snacke
Sauce,Emulsion au Curry Frais
Sauce,Sauce au Piment Bio
Sauce,Coulis au Gochujang Sauvage
Sauce,Coulis au Thym Frit
Sauce,Vinaigrette au Basilic Sauvage
Sauce,Emulsion au Huile de sesame Facon Chef
Sauce,Coulis au Lait de Coco Frit
Sauce,Creme au Truffe Sauvage
Sauce,Sauce au Gochujang Snacke
Sauce,Vinaigrette au Soja Snacke
Sauce,Coulis au Soja Facon Chef
Sauce,Sauce au Vinaigre de riz Fume
Sauce,Creme au Beurre Gourmet
Sauce,Coulis au Lait de Coco Frais
Sauce,Sauce au Ssamjang Premium
Sauce,Emulsion au Beurre de cacahuete Facon Chef
Sauce,Vinaigrette au Beurre Sauvage
Sauce,Sauce au Gochujang Sauvage
Sauce,Creme au Coriandre Premium
Sauce,Emulsion au Lait de Coco Fume
Sauce,Coulis au Coriandre Gourmet
Sauce,Emulsion au Miel Sauvage
Sauce,Creme au Coriandre Sauvage
Sauce,Coulis au Beurre de cacahuete Snacke
Sauce,Creme au Wasabi Sauvage
Sauce,Coulis au Soja Snacke
Sauce,Sauce au Truffe Premium
Sauce,Emulsion au Miel Frais
Sauce,Vinaigrette au Huile de sesame Fume
Sauce,Emulsion au Piment Snacke
Sauce,Coulis au Gochujang Tradition
Sauce,Sauce au Lait de Coco Bio
Sauce,Sauce au Gingembre Snacke
Sauce,Coulis au Coriandre Premium
Sauce,Emulsion au Beurre Bio
Sauce,Vinaigrette au Vinaigre de riz Fume
Sauce,Vinaigrette au Gochujang Frit
Sauce,Vinaigrette au Wasabi Premium
Sauce,Emulsion au Soja Frit
Sauce,Creme au Soja Fume
Sauce,Creme au Piment Frais
Sauce,Vinaigrette au Soja Sauvage
Sauce,Emulsion au Soja Frais
Sauce,Coulis au Beurre Snacke
Sauce,Emulsion au Beurre de cacahuete Frit
Sauce,Sauce au Ail Snacke
Sauce,Vinaigrette au Miel Facon Chef
Sauce,Vinaigrette au Piment Tradition
Sauce,Emulsion au Ssamjang Snacke
Sauce,Vinaigrette au Piment Gourmet
Sauce,Coulis au Huile d olive Fume
Sauce,Coulis au Beurre de cacahuete Frit
Sauce,Sauce au Wasabi Sauvage
Sauce,Sauce au Gingembre Fume
Sauce,Coulis au Basilic Tradition
Sauce,Creme au Ssamjang Bio
Sauce,Creme au Ail Fume
Sauce,Emulsion au Huile d olive Frit
Sauce,Vinaigrette au Gochujang Sauvage
Sauce,Sauce au Ssamjang Tradition
Sauce,Vinaigrette au Beurre de cacahuete Fume
Sauce,Emulsion au Lait de Coco Bio
Sauce,Creme au Curry Frais
Sauce,Sauce au Basilic Frit
Sauce,Vinaigrette au Lait de Coco Snacke
Sauce,Coulis au Thym Premium
Sauce,Creme au Gingembre Premium
Sauce,Sauce au Miel Tradition
Sauce,Sauce au Thym Premium
Sauce,Coulis au Beurre Fume
Sauce,Sauce au Beurre de cacahuete Premium
Sauce,Emulsion au Miel Frit
Sauce,Coulis au Beurre de cacahuete Facon Chef
Sauce,Coulis au Huile d olive Premium
Sauce,Coulis au Wasabi Sauvage
Sauce,Sauce au Beurre Fume
Sauce,Coulis au Huile de sesame Frit
Sauce,Creme au Truffe Facon Chef
Sauce,Sauce au Ssamjang Frais
Sauce,Emulsion au Gingembre Tradition
Sauce,Vinaigrette au Ail Facon Chef
Sauce,Vinaigrette au Curry Fume
Sauce,Creme au Piment Bio
Sauce,Creme au Beurre de cacahuete Fume
Sauce,Vinaigrette au Wasabi Tradition
Sauce,Coulis au Piment Frais
Sauce,Creme au Beurre Facon Chef
Sauce,Creme au Huile d olive Facon Chef
Sauce,Coulis au Coriandre Frais
Sauce,Emulsion au Vinaigre de riz Tradition
Sauce,Coulis au Ssamjang Bio
Sauce,Sauce au Coriandre Selection
Sauce,Sauce au Huile d olive Facon Chef
Sauce,Coulis au Ssamjang Frit
Sauce,Emulsion au Coriandre Frit
Sauce,Sauce au Miel Sauvage
Sauce,Emulsion au Coriandre Sauvage
Sauce,Vinaigrette au Curry Snacke
Sauce,Sauce au Truffe Sauvage
Sauce,Emulsion au Huile d olive Tradition
Sauce,Sauce au Vinaigre de riz Snacke
Sauce,Creme au Huile d olive Frais
Sauce,Creme au Basilic Premium
Sauce,Coulis au Piment Tradition
Sauce,Creme au Piment Snacke
Sauce,Creme au Miel Gourmet
Sauce,Emulsion au Vinaigre de riz Fume
Sauce,Creme au Thym Frais
Sauce,Vinaigrette au Miel Premium
Sauce,Vinaigrette au Miel Frit
Sauce,Vinaigrette au Basilic Frais
Sauce,Emulsion au Huile de sesame Bio
Sauce,Sauce au Gingembre Sauvage
Sauce,Emulsion au Huile de sesame Sauvage
Sauce,Creme au Basilic Bio
Sauce,Vinaigrette au Curry Facon Chef
Sauce,Sauce au Lait de Coco Frais
Sauce,Sauce au Truffe Bio
Sauce,Coulis au Vinaigre de riz Facon Chef
Sauce,Vinaigrette au Truffe Frais
Sauce,Coulis au Piment Facon Chef
Sauce,Creme au Ail Tradition
Sauce,Vinaigrette au Ail Snacke
Sauce,Coulis au Huile de sesame Premium
Sauce,Creme au Coriandre Facon Chef
Sauce,Creme au Wasabi Frit
Sauce,Emulsion au Piment Sauvage
Sauce,Sauce au Thym Fume
Sauce,Creme au Wasabi Premium
Sauce,Coulis au Vinaigre de riz Fume
Sauce,Coulis au Thym Tradition
Sauce,Emulsion au Ail Facon Chef
Sauce,Vinaigrette au Beurre Premium
Sauce,Emulsion au Huile de sesame Selection
Sauce,Emulsion au Piment Selection
Sauce,Coulis au Curry Premium
Sauce,Sauce au Thym Frit
Sauce,Coulis au Basilic Frais
Sauce,Creme au Beurre Selection
Sauce,Coulis au Beurre de cacahuete Premium
Sauce,Coulis au Curry Selection
Sauce,Coulis au Piment Snacke
Sauce,Sauce au Thym Frais
Sauce,Sauce au Beurre de cacahuete Gourmet
Sauce,Coulis au Ssamjang Premium
Sauce,Coulis au Coriandre Bio
Sauce,Vinaigrette au Beurre de cacahuete Snacke
Sauce,Emulsion au Lait de Coco Tradition
Sauce,Creme au Gingembre Facon Chef
Sauce,Coulis au Soja Frit
Sauce,Sauce au Wasabi Gourmet
Sauce,Coulis au Miel Bio
Sauce,Vinaigrette au Vinaigre de riz Bio
Sauce,Creme au Huile d olive Bio
Sauce,Creme au Ssamjang Fume
Sauce,Vinaigrette au Ail Selection
Sauce,Sauce au Beurre Selection
Sauce,Emulsion au Vinaigre de riz Frais
Sauce,Sauce au Ail Frit
Sauce,Sauce au Gingembre Selection
Sauce,Sauce au Lait de Coco Premium
Sauce,Sauce au Thym Sauvage
Sauce,Emulsion au Basilic Fume
Sauce,Coulis au Ssamjang Sauvage
Sauce,Sauce au Piment Snacke
Sauce,Creme au Beurre de cacahuete Facon Chef
Sauce,Coulis au Wasabi Facon Chef
Sauce,Coulis au Ail Facon Chef
Sauce,Creme au Soja Bio
Sauce,Vinaigrette au Gingembre Selection
Sauce,Vinaigrette au Vinaigre de riz Facon Chef
Sauce,Creme au Curry Fume
Sauce,Creme au Miel Sauvage
Sauce,Vinaigrette au Soja Fume
Sauce,Creme au Truffe Frit
Sauce,Vinaigrette au Miel Sauvage
Sauce,Coulis au Coriandre Tradition
Sauce,Creme au Huile de sesame Selection
Sauce,Vinaigrette au Vinaigre de riz Frais
Sauce,Coulis au Soja Premium
Sauce,Vinaigrette au Basilic Gourmet
Sauce,Coulis au Wasabi Premium
Sauce,Coulis au Huile d olive Facon Chef
Sauce,Creme au Basilic Snacke
Sauce,Vinaigrette au Ail Fume
Sauce,Emulsion au Curry Sauvage
Sauce,Creme au Miel Tradition
Sauce,Vinaigrette au Ail Tradition
Sauce,Vinaigrette au Beurre Bio
Sauce,Sauce au Miel Gourmet
Sauce,Coulis au Lait de Coco Fume
Sauce,Creme au Gingembre Tradition
Sauce,Sauce au Soja Selection
Sauce,Creme au Vinaigre de riz Snacke
Sauce,Creme au Vinaigre de riz Fume
Sauce,Sauce au Miel Premium
Sauce,Creme au Basilic Sauvage
Sauce,Emulsion au Wasabi Frit
Sauce,Vinaigrette au Huile de sesame Tradition
Sauce,Emulsion au Miel Gourmet
Sauce,Creme au Vinaigre de riz Gourmet
Sauce,Sauce au Ssamjang Selection
Sauce,Emulsion au Ssamjang Tradition
Sauce,Emulsion au Beurre de cacahuete Bio
Sauce,Creme au Miel Premium
Sauce,Coulis au Soja Frais
Sauce,Vinaigrette au Beurre Gourmet
Sauce,Creme au Thym Frit
Sauce,Sauce au Coriandre Premium
Sauce,Emulsion au Ssamjang Selection
Sauce,Emulsion au Coriandre Snacke
Sauce,Vinaigrette au Beurre Fume
Sauce,Creme au Piment Gourmet
Sauce,Sauce au Beurre de cacahuete Bio
Sauce,Emulsion au Beurre Facon Chef
Sauce,Emulsion au Huile de sesame Fume
Sauce,Vinaigrette au Ssamjang Snacke
Sauce,Emulsion au Gingembre Snacke
Sauce,Coulis au Gochujang Snacke
Sauce,Vinaigrette au Miel Bio
Sauce,Coulis au Piment Selection
Sauce,Emulsion au Vinaigre de riz Snacke
Sauce,Sauce au Ail Frais
Sauce,Creme au Miel Selection
Sauce,Emulsion au Piment Premium
Sauce,Vinaigrette au Piment Facon Chef
Sauce,Vinaigrette au Beurre de cacahuete Facon Chef
Sauce,Sauce au Basilic Gourmet
Sauce,Vinaigrette au Wasabi Fume
Sauce,Vinaigrette au Huile d olive Snacke
Sauce,Sauce au Basilic Frais
Sauce,Coulis au Piment Bio
Sauce,Emulsion au Huile d olive Snacke
Sauce,Sauce au Ssamjang Snacke
Sauce,Sauce au Ail Selection
Sauce,Sauce au Curry Facon Chef
Sauce,Coulis au Vinaigre de riz Gourmet
Sauce,Sauce au Beurre Tradition
Sauce,Vinaigrette au Ssamjang Frit
Sauce,Coulis au Miel Premium
Sauce,Sauce au Soja Tradition
Sauce,Sauce au Lait de Coco Gourmet
Sauce,Sauce au Beurre de cacahuete Selection
Sauce,Coulis au Truffe Selection
Sauce,Coulis au Huile de sesame Bio
Sauce,Creme au Soja Premium
Sauce,Creme au Huile d olive Sauvage
Sauce,Creme au Huile de sesame Tradition
Sauce,Emulsion au Basilic Facon Chef
Sauce,Vinaigrette au Gochujang Selection
Sauce,Sauce au Huile de sesame Snacke
Sauce,Creme au Curry Snacke
Sauce,Emulsion au Truffe Selection
Sauce,Sauce au Huile de sesame Gourmet
Sauce,Vinaigrette au Ssamjang Selection
Sauce,Emulsion au Coriandre Facon Chef
Sauce,Sauce au Beurre Gourmet
Sauce,Sauce au Beurre de cacahuete Frais
Sauce,Emulsion au Beurre de cacahuete Premium
Sauce,Vinaigrette au Coriandre Premium
Sauce,Vinaigrette au Thym Premium
Sauce,Vinaigrette au Gochujang Facon Chef
Sauce,Vinaigrette au Thym Tradition
Sauce,Coulis au Curry Gourmet
Sauce,Creme au Ail Bio
Sauce,Coulis au Gingembre Tradition
Sauce,Vinaigrette au Basilic Snacke
Sauce,Sauce au Coriandre Fume
Sauce,Vinaigrette au Vinaigre de riz Sauvage
Sauce,Vinaigrette au Wasabi Bio
Sauce,Emulsion au Truffe Tradition
Sauce,Coulis au Curry Fume
Sauce,Emulsion au Curry Fume
Sauce,Emulsion au Thym Snacke
Sauce,Emulsion au Gingembre Selection
Sauce,Sauce au Miel Fume
Sauce,Creme au Lait de Coco Fume
Sauce,Coulis au Huile d olive Bio
Sauce,Vinaigrette au Vinaigre de riz Frit
Sauce,Coulis au Huile de sesame Fume
Sauce,Emulsion au Lait de Coco Premium
Sauce,Emulsion au Ail Selection
Sauce,Sauce au Miel Snacke
Sauce,Coulis au Wasabi Gourmet
Sauce,Creme au Thym Premium
Sauce,Creme au Gochujang Gourmet
Sauce,Creme au Beurre Frit
Sauce,Creme au Lait de Coco Frais
Sauce,Emulsion au Huile de sesame Gourmet
Sauce,Creme au Truffe Gourmet
Sauce,Sauce au Huile de sesame Bio
Sauce,Creme au Thym Fume
Sauce,Creme au Gochujang Sauvage
Sauce,Creme au Beurre de cacahuete Selection
Sauce,Emulsion au Lait de Coco Selection
Sauce,Sauce au Vinaigre de riz Tradition
Sauce,Sauce au Curry Selection
Sauce,Emulsion au Gochujang Frit
Sauce,Sauce au Coriandre Snacke
Sauce,Sauce au Lait de Coco Sauvage
Sauce,Vinaigrette au Gingembre Frais
Sauce,Emulsion au Basilic Snacke
Sauce,Sauce au Coriandre Sauvage
Sauce,Coulis au Soja Selection
Sauce,Vinaigrette au Truffe Fume
Sauce,Creme au Ail Frais
Sauce,Sauce au Ssamjang Fume
Sauce,Coulis au Gochujang Selection
Sauce,Vinaigrette au Beurre Frit
Sauce,Vinaigrette au Huile de sesame Snacke
Sauce,Coulis au Basilic Facon Chef
Sauce,Coulis au Ail Gourmet
Sauce,Sauce au Piment Sauvage
Sauce,Creme au Lait de Coco Bio
Sauce,Coulis au Curry Frais
Sauce,Creme au Ssamjang Frais
Sauce,Emulsion au Huile de sesame Premium
Sauce,Creme au Wasabi Selection
Sauce,Sauce au Piment Tradition
Sauce,Coulis au Vinaigre de riz Frais
Sauce,Emulsion au Vinaigre de riz Sauvage
Sauce,Sauce au Truffe Selection
Sauce,Coulis au Huile de sesame Snacke
Sauce,Emulsion au Ail Frais
Sauce,Vinaigrette au Coriandre Facon Chef
Sauce,Sauce au Truffe Frais
Sauce,Vinaigrette au Soja Bio
Sauce,Coulis au Beurre de cacahuete Fume
Sauce,Vinaigrette au Vinaigre de riz Selection
Sauce,Coulis au Coriandre Sauvage
Sauce,Vinaigrette au Basilic Facon Chef
Sauce,Emulsion au Huile d olive Facon Chef
Sauce,Sauce au Huile de sesame Facon Chef
Sauce,Vinaigrette au Beurre Facon Chef
Sauce,Emulsion au Gochujang Sauvage
Sauce,Emulsion au Wasabi Fume
Sauce,Vinaigrette au Beurre Snacke
Sauce,Vinaigrette au Huile de sesame Sauvage
Sauce,Coulis au Gochujang Premium
Sauce,Coulis au Curry Tradition
Sauce,Vinaigrette au Miel Snacke
Sauce,Sauce au Curry Premium
Sauce,Sauce au Ail Fume
Sauce,Emulsion au Wasabi Sauvage
Sauce,Sauce au Lait de Coco Snacke
Sauce,Sauce au Curry Frit
Sauce,Coulis au Thym Gourmet
Sauce,Coulis au Vinaigre de riz Selection
Sauce,Coulis au Huile de sesame Selection
Sauce,Coulis au Huile d olive Frit
Sauce,Sauce au Basilic Sauvage
Sauce,Vinaigrette au Soja Frais
Sauce,Coulis au Wasabi Frais
Sauce,Emulsion au Piment Frit
Sauce,Vinaigrette au Gochujang Frais
Sauce,Emulsion au Gingembre Frais
Sauce,Emulsion au Piment Fume
Sauce,Vinaigrette au Huile d olive Facon Chef
Sauce,Creme au Soja Snacke
Sauce,Creme au Ssamjang Frit
Sauce,Sauce au Basilic Facon Chef
Sauce,Emulsion au Beurre Gourmet
Sauce,Vinaigrette au Curry Bio
Sauce,Emulsion au Miel Bio
Sauce,Vinaigrette au Beurre de cacahuete Tradition
Sauce,Coulis au Beurre Frit
Sauce,Creme au Vinaigre de riz Frit
Sauce,Emulsion au Basilic Frais
Sauce,Vinaigrette au Curry Selection
Sauce,Creme au Lait de Coco Snacke
Sauce,Sauce au Curry Bio
Sauce,Vinaigrette au Huile de sesame Gourmet
Sauce,Coulis au Vinaigre de riz Bio
Sauce,Sauce au Wasabi Selection
Sauce,Sauce au Gochujang Tradition
Sauce,Sauce au Huile de sesame Frais
Sauce,Creme au Gingembre Sauvage
Sauce,Sauce au Truffe Fume
Sauce,Sauce au Curry Frais
Sauce,Coulis au Ssamjang Selection
Sauce,Vinaigrette au Lait de Coco Frit
Sauce,Creme au Beurre Snacke
Sauce,Sauce au Piment Premium
Sauce,Sauce au Ail Gourmet
Sauce,Coulis au Piment Frit
Sauce,Creme au Soja Facon Chef
Sauce,Creme au Gochujang Bio
Sauce,Vinaigrette au Lait de Coco Frais
Sauce,Coulis au Truffe Facon Chef
Sauce,Coulis au Lait de Coco Facon Chef
Sauce,Emulsion au Piment Gourmet
Sauce,Sauce au Gochujang Fume
Sauce,Creme au Beurre de cacahuete Frais
Sauce,Vinaigrette au Huile d olive Tradition
Sauce,Coulis au Thym Selection
Sauce,Creme au Thym Tradition
Sauce,Emulsion au Thym Fume
Sauce,Coulis au Vinaigre de riz Frit
Sauce,Sauce au Lait de Coco Tradition
Sauce,Emulsion au Lait de Coco Gourmet
Sauce,Creme au Coriandre Gourmet
Sauce,Coulis au Gingembre Gourmet
Sauce,Coulis au Huile d olive Gourmet
Sauce,Sauce au Ail Tradition
Sauce,Creme au Vinaigre de riz Selection
Sauce,Vinaigrette au Miel Gourmet
Sauce,Emulsion au Ail Premium
Sauce,Creme au Thym Snacke
Sauce,Vinaigrette au Gingembre Sauvage
Sauce,Creme au Beurre de cacahuete Snacke
Sauce,Vinaigrette au Coriandre Bio
Sauce,Emulsion au Gingembre Gourmet
Sauce,Vinaigrette au Lait de Coco Fume
Sauce,Sauce au Ail Premium
Sauce,Sauce au Gochujang Premium
Sauce,Emulsion au Soja Facon Chef
Sauce,Vinaigrette au Huile de sesame Frit
Sauce,Coulis au Truffe Snacke
Sauce,Creme au Gingembre Fume
Sauce,Vinaigrette au Ail Frais
Sauce,Emulsion au Wasabi Bio
Sauce,Coulis au Gochujang Bio
Sauce,Sauce au Beurre de cacahuete Snacke
Sauce,Creme au Coriandre Tradition
Sauce,Vinaigrette au Huile d olive Bio
Sauce,Creme au Ail Snacke
Sauce,Coulis au Huile de sesame Gourmet
Sauce,Sauce au Soja Frais
Sauce,Coulis au Wasabi Frit
Sauce,Creme au Ail Selection
Sauce,Emulsion au Wasabi Premium
Sauce,Creme au Ssamjang Selection
Sauce,Vinaigrette au Huile de sesame Premium
Sauce,Creme au Ail Facon Chef
Sauce,Sauce au Piment Selection
Sauce,Coulis au Coriandre Facon Chef
Sauce,Sauce au Vinaigre de riz Facon Chef
Sauce,Vinaigrette au Thym Snacke
Sauce,Emulsion au Beurre Fume
Sauce,Vinaigrette au Vinaigre de riz Premium
Sauce,Vinaigrette au Coriandre Frais
Sauce,Creme au Soja Gourmet
Sauce,Sauce au Piment Facon Chef
Sauce,Creme au Curry Bio
Sauce,Sauce au Thym Snacke
Sauce,Emulsion au Basilic Sauvage
Sauce,Vinaigrette au Soja Gourmet
Sauce,Sauce au Thym Tradition
Sauce,Emulsion au Gingembre Sauvage
Sauce,Emulsion au Ail Sauvage
Sauce,Vinaigrette au Wasabi Frais
Sauce,Coulis au Gingembre Frais
Sauce,Coulis au Coriandre Snacke
Sauce,Coulis au Beurre Frais
Sauce,Creme au Gochujang Tradition
Sauce,Creme au Soja Sauvage
Sauce,Creme au Huile de sesame Premium
Sauce,Creme au Huile d olive Premium
Sauce,Coulis au Ssamjang Frais
Sauce,Emulsion au Ssamjang Gourmet
Sauce,Coulis au Piment Gourmet
Sauce,Creme au Soja Frit
Sauce,Emulsion au Miel Snacke
Sauce,Vinaigrette au Truffe Sauvage
Sauce,Vinaigrette au Thym Frais
Sauce,Emulsion au Wasabi Facon Chef
Sauce,Emulsion au Gochujang Snacke
Sauce,Emulsion au Piment Facon Chef
Sauce,Coulis au Vinaigre de riz Premium
Sauce,Sauce au Beurre Snacke
Sauce,Sauce au Huile d olive Bio
Sauce,Emulsion au Soja Selection
Sauce,Vinaigrette au Vinaigre de riz Snacke
Sauce,Sauce au Ssamjang Gourmet
Sauce,Coulis au Ssamjang Snacke
Sauce,Creme au Huile de sesame Frit
Sauce,Sauce au Gochujang Facon Chef
Sauce,Creme au Basilic Frit
Sauce,Coulis au Vinaigre de riz Sauvage
Sauce,Coulis au Curry Bio
Sauce,Emulsion au Ssamjang Fume
Sauce,Sauce au Vinaigre de riz Frit
Sauce,Creme au Piment Selection
Sauce,Coulis au Miel Sauvage
Sauce,Sauce au Thym Facon Chef
Sauce,Sauce au Beurre de cacahuete Facon Chef
Sauce,Coulis au Piment Premium
Sauce,Coulis au Basilic Frit
Sauce,Emulsion au Truffe Gourmet
Sauce,Vinaigrette au Piment Bio
Sauce,Creme au Ssamjang Sauvage
Sauce,Sauce au Huile de sesame Fume
Sauce,Emulsion au Huile d olive Premium
Sauce,Emulsion au Miel Premium
Sauce,Creme au Beurre Frais
Sauce,Sauce au Vinaigre de riz Frais
Sauce,Sauce au Piment Frais
Sauce,Vinaigrette au Huile d olive Fume
Sauce,Sauce au Miel Frit
Sauce,Vinaigrette au Curry Premium
Sauce,Coulis au Curry Facon Chef
Sauce,Vinaigrette au Huile de sesame Frais
Sauce,Creme au Gochujang Frais
Sauce,Emulsion au Gingembre Bio
Sauce,Coulis au Gingembre Premium
Sauce,Sauce au Basilic Bio
Sauce,Coulis au Soja Fume
Sauce,Emulsion au Gochujang Tradition
Sauce,Creme au Basilic Fume
Sauce,Coulis au Gochujang Frais
Sauce,Creme au Gochujang Snacke
Sauce,Coulis au Gingembre Frit
Sauce,Creme au Beurre Bio
Sauce,Coulis au Beurre Selection
Sauce,Sauce au Huile d olive Gourmet
Sauce,Vinaigrette au Piment Premium
Sauce,Sauce au Curry Snacke
Sauce,Vinaigrette au Ssamjang Tradition
Sauce,Creme au Vinaigre de riz Bio
Sauce,Emulsion au Truffe Fume
Sauce,Coulis au Lait de Coco Premium
Sauce,Emulsion au Basilic Frit
Sauce,Vinaigrette au Ail Sauvage
Sauce,Creme au Curry Gourmet
Sauce,Coulis au Miel Tradition
Sauce,Creme au Beurre Fume
Sauce,Sauce au Soja Fume
Sauce,Coulis au Truffe Frit
Sauce,Coulis au Beurre de cacahuete Bio
Sauce,Emulsion au Ssamjang Sauvage
Sauce,Emulsion au Soja Bio
Sauce,Vinaigrette au Thym Fume
Sauce,Creme au Gingembre Gourmet
Sauce,Emulsion au Lait de Coco Frais
Sauce,Emulsion au Huile d olive Bio
Sauce,Vinaigrette au Gingembre Fume
Sauce,Emulsion au Beurre Tradition
Sauce,Coulis au Truffe Fume
Sauce,Emulsion au Truffe Frais
Sauce,Creme au Coriandre Snacke
Sauce,Vinaigrette au Truffe Gourmet
Sauce,Sauce au Ssamjang Frit
Sauce,Creme au Lait de Coco Frit
Sauce,Coulis au Beurre Premium
Sauce,Emulsion au Beurre Selection
Sauce,Emulsion au Ail Frit
Sauce,Vinaigrette au Curry Frit
Sauce,Vinaigrette au Lait de Coco Gourmet
Sauce,Coulis au Beurre de cacahuete Sauvage
Sauce,Creme au Ssamjang Facon Chef
Sauce,Sauce au Gingembre Bio
Sauce,Emulsion au Thym Premium
Sauce,Coulis au Huile d olive Sauvage
Sauce,Creme au Ssamjang Gourmet
Sauce,Sauce au Gochujang Frais
Sauce,Vinaigrette au Piment Snacke
Sauce,Vinaigrette au Lait de Coco Tradition
Sauce,Creme au Coriandre Frit
Sauce,Coulis au Truffe Frais
Sauce,Vinaigrette au Gingembre Gourmet
Sauce,Vinaigrette au Vinaigre de riz Tradition
Sauce,Creme au Miel Frit
Sauce,Coulis au Huile d olive Selection
Sauce,Coulis au Gingembre Selection
Sauce,Sauce au Beurre de cacahuete Fume
Sauce,Creme au Truffe Fume
Sauce,Emulsion au Thym Bio
Sauce,Vinaigrette au Wasabi Sauvage
Sauce,Creme au Coriandre Fume
Sauce,Coulis au Gochujang Frit
Sauce,Coulis au Gingembre Sauvage
Sauce,Creme au Huile de sesame Sauvage
Sauce,Emulsion au Truffe Bio
Sauce,Coulis au Ail Sauvage
Sauce,Sauce au Huile de sesame Sauvage
Sauce,Sauce au Ail Facon Chef
Sauce,Sauce au Basilic Premium
Sauce,Emulsion au Huile de sesame Tradition
Sauce,Creme au Beurre Premium
Sauce,Creme au Soja Selection
Sauce,Sauce au Coriandre Gourmet
Sauce,Emulsion au Ail Fume
Sauce,Emulsion au Ssamjang Bio
Sauce,Creme au Beurre de cacahuete Frit
Sauce,Vinaigrette au Thym Facon Chef
Sauce,Sauce au Huile d olive Tradition
Sauce,Sauce au Coriandre Frais
Sauce,Coulis au Huile d olive Tradition
Sauce,Sauce au Ail Sauvage
Sauce,Emulsion au Thym Frais
Sauce,Emulsion au Vinaigre de riz Gourmet
Sauce,Vinaigrette au Wasabi Facon Chef
Sauce,Creme au Curry Tradition
Sauce,Vinaigrette au Basilic Bio
Sauce,Coulis au Thym Bio
Sauce,Vinaigrette au Basilic Fume
Sauce,Vinaigrette au Truffe Snacke
Sauce,Creme au Curry Premium
Sauce,Creme au Basilic Frais
Sauce,Creme au Beurre Tradition
Sauce,Creme au Curry Frit
Sauce,Sauce au Coriandre Facon Chef
Sauce,Sauce au Huile d olive Selection
Sauce,Emulsion au Vinaigre de riz Frit
Sauce,Sauce au Gochujang Frit
Sauce,Emulsion au Ssamjang Frais
Sauce,Sauce au Miel Facon Chef
Sauce,Emulsion au Ail Bio
Sauce,Sauce au Huile de sesame Selection
Sauce,Emulsion au Vinaigre de riz Bio
Sauce,Coulis au Piment Sauvage
Sauce,Vinaigrette au Thym Frit
Sauce,Emulsion au Basilic Tradition
Sauce,Sauce au Wasabi Snacke
Sauce,Creme au Thym Sauvage
Sauce,Vinaigrette au Lait de Coco Premium
Sauce,Emulsion au Gochujang Fume
Sauce,Emulsion au Gingembre Premium
Sauce,Emulsion au Lait de Coco Sauvage
Sauce,Emulsion au Coriandre Bio
Sauce,Emulsion au Coriandre Premium
Sauce,Coulis au Ail Snacke
Sauce,Vinaigrette au Huile de sesame Bio
Sauce,Creme au Thym Gourmet
Sauce,Vinaigrette au Huile d olive Premium
Sauce,Creme au Miel Snacke
Sauce,Vinaigrette au Piment Sauvage
Sauce,Sauce au Truffe Gourmet
Sauce,Emulsion au Truffe Premium
Sauce,Emulsion au Beurre Premium
Sauce,Vinaigrette au Huile de sesame Selection
Sauce,Creme au Huile d olive Snacke
Sauce,Sauce au Beurre Frais
Sauce,Creme au Thym Facon Chef
Sauce,Creme au Thym Selection
Sauce,Sauce au Wasabi Tradition
Sauce,Coulis au Miel Facon Chef
Sauce,Emulsion au Truffe Frit
Sauce,Sauce au Huile de sesame Premium
Sauce,Vinaigrette au Soja Tradition
Sauce,Emulsion au Curry Snacke
Sauce,Emulsion au Basilic Premium
Sauce,Emulsion au Soja Snacke
Sauce,Sauce au Miel Frais
Sauce,Creme au Wasabi Tradition
Sauce,Sauce au Thym Selection
Sauce,Coulis au Lait de Coco Selection
Sauce,Emulsion au Curry Gourmet
Sauce,Sauce au Gochujang Gourmet
Sauce,Coulis au Ssamjang Fume
Sauce,Sauce au Gingembre Frais
Sauce,Emulsion au Beurre Frais
Sauce,Coulis au Gingembre Bio
Sauce,Creme au Gingembre Frais
Sauce,Emulsion au Coriandre Frais
Sauce,Vinaigrette au Ssamjang Gourmet
Sauce,Vinaigrette au Curry Gourmet
Sauce,Vinaigrette au Basilic Selection
Sauce,Emulsion au Curry Selection
Sauce,Sauce au Lait de Coco Fume
Sauce,Creme au Wasabi Gourmet
Sauce,Vinaigrette au Gochujang Tradition
Sauce,Coulis au Basilic Bio
Sauce,Creme au Lait de Coco Gourmet
Sauce,Creme au Curry Selection
Sauce,Sauce au Vinaigre de riz Selection
Sauce,Emulsion au Vinaigre de riz Selection
Sauce,Coulis au Huile de sesame Facon Chef
Sauce,Emulsion au Truffe Sauvage
Sauce,Creme au Wasabi Snacke
Sauce,Vinaigrette au Truffe Premium
Sauce,Creme au Truffe Selection
Sauce,Emulsion au Ail Tradition
Sauce,Coulis au Huile de sesame Sauvage
Sauce,Coulis au Ail Bio
Sauce,Emulsion au Truffe Snacke
Sauce,Coulis au Truffe Premium
Sauce,Coulis au Gingembre Fume
Sauce,Sauce au Truffe Snacke
Sauce,Vinaigrette au Thym Gourmet
Sauce,Creme au Huile d olive Gourmet
Sauce,Sauce au Soja Sauvage
Sauce,Sauce au Huile d olive Snacke
Sauce,Creme au Basilic Selection
Sauce,Coulis au Thym Facon Chef
Sauce,Sauce au Basilic Fume
Sauce,Creme au Piment Tradition
Sauce,Vinaigrette au Vinaigre de riz Gourmet
Sauce,Emulsion au Wasabi Frais
Sauce,Creme au Wasabi Frais
Sauce,Vinaigrette au Piment Selection
Sauce,Vinaigrette au Ssamjang Frais
Sauce,Coulis au Truffe Sauvage
Sauce,Sauce au Wasabi Frit
Sauce,Vinaigrette au Ssamjang Sauvage
Sauce,Sauce au Wasabi Facon Chef
Sauce,Emulsion au Basilic Selection
Sauce,Coulis au Beurre de cacahuete Frais
Sauce,Vinaigrette au Gochujang Snacke
Sauce,Emulsion au Miel Selection
Sauce,Vinaigrette au Beurre de cacahuete Gourmet
Sauce,Emulsion au Beurre Snacke
Sauce,Vinaigrette au Thym Sauvage
Sauce,Vinaigrette au Basilic Frit
Sauce,Sauce au Vinaigre de riz Gourmet
Sauce,Emulsion au Gochujang Bio
Sauce,Vinaigrette au Miel Frais
Sauce,Sauce au Soja Facon Chef
Sauce,Emulsion au Soja Fume
Sauce,Sauce au Wasabi Fume
Sauce,Vinaigrette au Ail Premium
Sauce,Coulis au Beurre Sauvage
Sauce,Sauce au Huile d olive Frais
Sauce,Vinaigrette au Gingembre Tradition
Sauce,Vinaigrette au Miel Fume
Sauce,Creme au Truffe Frais
Sauce,Vinaigrette au Basilic Tradition
Sauce,Creme au Miel Bio
Sauce,Creme au Piment Premium
Sauce,Sauce au Curry Sauvage
Sauce,Coulis au Thym Fume
Sauce,Vinaigrette au Coriandre Fume
Sauce,Emulsion au Soja Tradition
Sauce,Sauce au Lait de Coco Facon Chef
Sauce,Sauce au Huile d olive Premium
Sauce,Sauce au Soja Snacke
Sauce,Emulsion au Beurre de cacahuete Gourmet
Sauce,Coulis au Basilic Sauvage
Sauce,Emulsion au Curry Premium
Sauce,Vinaigrette au Huile d olive Gourmet
Sauce,Vinaigrette au Ssamjang Facon Chef
Sauce,Vinaigrette au Coriandre Sauvage
